window,horizon,symbol,name,sample_size,start_date,end_date,corr_temp_fwd_return,corr_delta_temp_fwd_return,corr_temp_fwd_excess,corr_delta_temp_fwd_excess,corr_temp_sync_return,corr_temp_sync_excess,avg_fwd_return,avg_fwd_excess,high_risk_sample,low_risk_sample,high_risk_avg_excess,low_risk_avg_excess,high_risk_win_rate,high_risk_max_drawdown,strength
1Y,10D,801170,交通运输,486,2025-09-11,2026-09-11,0.0363,0.0532,0.0023,0.028,-0.1263,0.2189,-0.0016,-0.0015,14,104,-0.0013,-0.0009,0.4286,-0.0081,很弱
1Y,10D,801760,传媒,486,2025-09-11,2026-09-11,0.0539,0.1028,0.0397,0.0975,-0.0723,0.1568,-0.004,-0.0041,14,104,0.0307,-0.0017,0.7143,-0.0517,很弱
1Y,10D,801160,公用事业,486,2025-09-11,2026-09-11,-0.2004,0.0339,-0.1577,0.0168,-0.1335,0.1993,0.0004,0.0007,14,104,-0.0088,0.0076,0.4286,-0.0033,很弱
1Y,10D,801010,农林牧渔,486,2025-09-11,2026-09-11,0.0274,-0.0158,0.0056,-0.0178,-0.1086,0.1691,-0.0033,-0.0033,14,104,-0.0078,0.0037,0.1429,-0.0265,很弱
1Y,10D,801150,医药生物,486,2025-09-11,2026-09-11,0.237,0.065,0.1856,0.0525,-0.0941,0.188,-0.0028,-0.0032,14,104,0.0147,-0.0046,0.7143,-0.0589,弱
1Y,10D,801200,商贸零售,486,2025-09-11,2026-09-11,0.0541,0.0426,0.028,0.0303,-0.1265,0.1613,-0.0056,-0.0056,14,104,0.0011,-0.0049,0.5714,-0.0349,很弱
1Y,10D,801740,国防军工,486,2025-09-11,2026-09-11,-0.1105,0.0103,-0.1396,0.0072,-0.2175,0.0257,0.0007,0.0007,14,104,0.032,0.0215,1.0,-0.0854,很弱
1Y,10D,801030,基础化工,486,2025-09-11,2026-09-11,-0.0172,0.005,-0.0376,-0.0002,-0.2443,0.0496,0.0016,0.0016,14,104,0.0291,0.0094,0.8571,-0.0584,很弱
1Y,10D,801110,家用电器,486,2025-09-11,2026-09-11,0.0932,0.0232,0.0439,0.0054,-0.118,0.2407,-0.0011,-0.0008,14,104,-0.014,-0.0054,0.2857,-0.0147,很弱
1Y,10D,801710,建筑材料,486,2025-09-11,2026-09-11,0.0011,-0.0276,-0.014,-0.0361,-0.2031,0.0297,0.0044,0.0043,14,104,0.0182,0.0073,0.7143,-0.1317,很弱
1Y,10D,801720,建筑装饰,486,2025-09-11,2026-09-11,-0.0767,0.069,-0.0883,0.0531,-0.2143,0.1519,-0.0013,-0.0013,14,104,0.0096,0.0077,0.8571,-0.0452,很弱
1Y,10D,801180,房地产,486,2025-09-11,2026-09-11,0.0569,0.0115,0.0306,0.0084,-0.1778,0.123,-0.0036,-0.0043,14,104,0.003,-0.0057,0.8571,-0.0534,很弱
1Y,10D,801050,有色金属,486,2025-09-11,2026-09-11,-0.0889,-0.0083,-0.1111,-0.0148,-0.1945,-0.0106,0.0051,0.0054,14,104,0.0661,0.0273,1.0,-0.0766,很弱
1Y,10D,801890,机械设备,486,2025-09-11,2026-09-11,0.0237,0.0577,0.0094,0.0642,-0.2292,0.0266,0.0023,0.0023,14,104,0.0416,0.0084,0.8571,-0.1676,很弱
1Y,10D,801880,汽车,486,2025-09-11,2026-09-11,0.0151,0.032,-0.0079,0.0259,-0.2221,0.1169,-0.0045,-0.0046,14,104,0.0094,-0.0011,0.7143,-0.0599,很弱
1Y,10D,801950,煤炭,486,2025-09-11,2026-09-11,-0.0973,-0.0137,-0.0897,-0.0158,-0.0605,0.1596,0.0052,0.0053,14,104,-0.0139,0.0121,0.1429,-0.0064,很弱
1Y,10D,801970,环保,486,2025-09-11,2026-09-11,-0.0244,0.0643,-0.0456,0.0557,-0.231,0.1123,-0.0001,-0.0002,14,104,0.0336,0.0055,0.8571,-0.0779,很弱
1Y,10D,801730,电力设备,486,2025-09-11,2026-09-11,-0.0964,0.0457,-0.1255,0.0438,-0.2277,0.034,-0.001,-0.0008,14,104,0.0249,0.0063,1.0,-0.066,很弱
1Y,10D,801080,电子,486,2025-09-11,2026-09-11,0.091,0.0268,0.094,0.0297,-0.2004,-0.0364,0.0091,0.0087,14,104,0.0377,0.0076,0.7143,-0.2491,很弱
1Y,10D,801960,石油石化,486,2025-09-11,2026-09-11,-0.2149,-0.094,-0.1961,-0.0855,-0.1083,0.1278,0.0039,0.0041,14,104,-0.0025,0.0198,0.2857,-0.0041,弱
1Y,10D,801210,社会服务,486,2025-09-11,2026-09-11,0.1095,0.1023,0.0789,0.0869,-0.145,0.154,-0.0038,-0.004,14,104,0.0213,-0.0043,0.8571,-0.0567,很弱
1Y,10D,801130,纺织服饰,486,2025-09-11,2026-09-11,0.0821,0.0399,0.0527,0.0303,-0.1653,0.156,-0.0015,-0.0016,14,104,0.0152,-0.0028,0.8571,-0.0639,很弱
1Y,10D,801230,综合,486,2025-09-11,2026-09-11,-0.0411,0.0212,-0.0556,0.0176,-0.1769,0.023,0.0026,0.0026,14,104,0.0443,0.0161,0.8571,-0.1721,很弱
1Y,10D,801980,美容护理,486,2025-09-11,2026-09-11,0.1133,0.065,0.0735,0.0498,-0.1084,0.1716,-0.0073,-0.0076,14,104,-0.007,-0.0088,0.4286,-0.0295,很弱
1Y,10D,801750,计算机,486,2025-09-11,2026-09-11,0.0626,0.081,0.0499,0.0826,-0.1519,0.0964,-0.0043,-0.0045,14,104,0.0398,0.0027,0.8571,-0.0685,很弱
1Y,10D,801140,轻工制造,486,2025-09-11,2026-09-11,-0.0069,0.0528,-0.0282,0.0422,-0.2333,0.1188,-0.0018,-0.002,14,104,0.0199,0.0012,0.8571,-0.0595,很弱
1Y,10D,801770,通信,486,2025-09-11,2026-09-11,0.0087,0.1027,-0.0032,0.1121,-0.1793,-0.024,0.0108,0.0104,14,104,0.0479,0.0146,0.8571,-0.2444,很弱
1Y,10D,801040,钢铁,486,2025-09-11,2026-09-11,-0.131,-0.0257,-0.1388,-0.03,-0.2079,0.0917,-0.0024,-0.0022,14,104,0.0052,0.0097,0.4286,-0.0147,很弱
1Y,10D,801780,银行,486,2025-09-11,2026-09-11,0.0648,-0.0208,0.0225,-0.0205,0.0809,0.2855,0.0,0.0003,14,104,-0.0221,-0.0074,0.4286,-0.0138,很弱
1Y,10D,801790,非银金融,486,2025-09-11,2026-09-11,0.0531,0.0242,0.0253,0.0135,-0.1002,0.2092,-0.003,-0.0029,14,104,-0.0163,0.0011,0.2857,-0.0129,很弱
1Y,10D,801120,食品饮料,486,2025-09-11,2026-09-11,0.0928,0.0629,0.0446,0.0353,0.0278,0.2767,-0.0052,-0.0051,14,104,-0.0175,-0.0085,0.2857,-0.0143,很弱
1Y,1D,801170,交通运输,500,2025-09-11,2026-09-23,0.0368,-0.028,-0.0524,-0.0466,-0.1263,0.2189,-0.0002,-0.0002,14,110,-0.0023,0.0001,0.4286,-0.0081,很弱
1Y,1D,801760,传媒,500,2025-09-11,2026-09-23,0.0844,0.0928,0.0233,0.0659,-0.0723,0.1568,-0.0004,-0.0004,14,110,0.0021,-0.0016,0.5,-0.0517,很弱
1Y,1D,801160,公用事业,500,2025-09-11,2026-09-23,-0.0278,0.0031,-0.0903,-0.0263,-0.1335,0.1993,-0.0,-0.0,14,110,-0.0014,0.0011,0.5,-0.0033,很弱
1Y,1D,801010,农林牧渔,500,2025-09-11,2026-09-23,0.0025,-0.0404,-0.061,-0.0541,-0.1086,0.1691,-0.0004,-0.0004,14,110,-0.0057,0.001,0.3571,-0.0265,很弱
1Y,1D,801150,医药生物,500,2025-09-11,2026-09-23,0.1119,0.0654,0.0292,0.0302,-0.0941,0.188,-0.0003,-0.0003,14,110,-0.0035,-0.0004,0.5,-0.0589,很弱
1Y,1D,801200,商贸零售,500,2025-09-11,2026-09-23,0.0497,0.013,-0.0263,-0.0155,-0.1265,0.1613,-0.0006,-0.0006,14,110,-0.0022,-0.0009,0.5,-0.0349,很弱
1Y,1D,801740,国防军工,500,2025-09-11,2026-09-23,-0.0207,0.0198,-0.0826,-0.0042,-0.2175,0.0257,0.0,0.0,14,110,-0.0022,0.0015,0.5,-0.0854,很弱
1Y,1D,801030,基础化工,500,2025-09-11,2026-09-23,-0.0057,-0.0132,-0.0781,-0.0412,-0.2443,0.0496,0.0001,0.0001,14,110,-0.0052,0.0014,0.4286,-0.0584,很弱
1Y,1D,801110,家用电器,500,2025-09-11,2026-09-23,0.0617,0.0178,-0.0432,-0.0204,-0.118,0.2407,-0.0001,-0.0001,14,110,-0.0044,-0.0004,0.3571,-0.0147,很弱
1Y,1D,801710,建筑材料,500,2025-09-11,2026-09-23,0.0047,0.011,-0.057,-0.0126,-0.2031,0.0297,0.0004,0.0004,14,110,-0.0076,0.0008,0.4286,-0.1317,很弱
1Y,1D,801720,建筑装饰,500,2025-09-11,2026-09-23,0.0175,0.0184,-0.0675,-0.0172,-0.2143,0.1519,-0.0001,-0.0001,14,110,-0.0037,0.0007,0.5,-0.0452,很弱
1Y,1D,801180,房地产,500,2025-09-11,2026-09-23,0.0176,-0.0464,-0.0539,-0.0657,-0.1778,0.123,-0.0003,-0.0003,14,110,-0.0048,-0.0002,0.5,-0.0534,很弱
1Y,1D,801050,有色金属,500,2025-09-11,2026-09-23,0.003,0.0319,-0.0506,0.0158,-0.1945,-0.0106,0.0004,0.0004,14,110,-0.0007,0.0022,0.5714,-0.0766,很弱
1Y,1D,801890,机械设备,500,2025-09-11,2026-09-23,0.0387,0.0482,-0.0282,0.0261,-0.2292,0.0266,0.0002,0.0002,14,110,-0.0047,0.0001,0.4286,-0.1676,很弱
1Y,1D,801880,汽车,500,2025-09-11,2026-09-23,0.0305,0.0289,-0.0517,-0.0055,-0.2221,0.1169,-0.0004,-0.0004,14,110,-0.0031,-0.0002,0.5,-0.0599,很弱
1Y,1D,801950,煤炭,500,2025-09-11,2026-09-23,-0.0415,-0.0329,-0.0843,-0.0458,-0.0605,0.1596,0.0006,0.0005,14,110,-0.0059,0.0033,0.3571,-0.0064,很弱
1Y,1D,801970,环保,500,2025-09-11,2026-09-23,0.0268,0.0284,-0.0555,-0.0062,-0.231,0.1123,-0.0,-0.0,14,110,-0.0018,0.0007,0.4286,-0.0779,很弱
1Y,1D,801730,电力设备,500,2025-09-11,2026-09-23,0.0007,0.0457,-0.072,0.0225,-0.2277,0.034,-0.0001,-0.0001,14,110,-0.0037,0.0001,0.3571,-0.066,很弱
1Y,1D,801080,电子,500,2025-09-11,2026-09-23,0.0379,0.0085,-0.0066,-0.0102,-0.2004,-0.0364,0.0009,0.0009,14,110,-0.0081,0.0006,0.3571,-0.2491,很弱
1Y,1D,801960,石油石化,500,2025-09-11,2026-09-23,-0.0988,-0.035,-0.128,-0.0473,-0.1083,0.1278,0.0004,0.0004,14,110,-0.0044,0.0039,0.4286,-0.0041,很弱
1Y,1D,801210,社会服务,500,2025-09-11,2026-09-23,0.0779,0.0534,-0.004,0.0178,-0.145,0.154,-0.0004,-0.0004,14,110,-0.0015,-0.0008,0.5,-0.0567,很弱
1Y,1D,801130,纺织服饰,500,2025-09-11,2026-09-23,0.0404,0.0146,-0.0404,-0.0168,-0.1653,0.156,-0.0001,-0.0001,14,110,-0.005,-0.0001,0.5,-0.0639,很弱
1Y,1D,801230,综合,500,2025-09-11,2026-09-23,0.0026,0.0266,-0.0487,0.007,-0.1769,0.023,0.0002,0.0002,14,110,-0.0067,0.0022,0.4286,-0.1721,很弱
1Y,1D,801980,美容护理,500,2025-09-11,2026-09-23,0.075,0.0614,-0.0057,0.0231,-0.1084,0.1716,-0.0007,-0.0007,14,110,-0.0035,-0.0009,0.4286,-0.0295,很弱
1Y,1D,801750,计算机,500,2025-09-11,2026-09-23,0.0592,0.0478,-0.0024,0.0253,-0.1519,0.0964,-0.0004,-0.0004,14,110,0.0003,-0.0003,0.4286,-0.0685,很弱
1Y,1D,801140,轻工制造,500,2025-09-11,2026-09-23,0.0205,0.0284,-0.06,-0.0075,-0.2333,0.1188,-0.0002,-0.0002,14,110,-0.0042,0.0002,0.4286,-0.0595,很弱
1Y,1D,801770,通信,500,2025-09-11,2026-09-23,0.0488,0.0656,0.0097,0.0588,-0.1793,-0.024,0.001,0.001,14,110,-0.001,0.0004,0.5,-0.2444,很弱
1Y,1D,801040,钢铁,500,2025-09-11,2026-09-23,-0.0245,-0.0005,-0.0903,-0.0273,-0.2079,0.0917,-0.0003,-0.0003,14,110,-0.0012,0.0013,0.4286,-0.0147,很弱
1Y,1D,801780,银行,500,2025-09-11,2026-09-23,0.0261,-0.0611,-0.0491,-0.0546,0.0809,0.2855,-0.0,-0.0001,14,110,-0.0048,-0.0002,0.4286,-0.0138,很弱
1Y,1D,801790,非银金融,500,2025-09-11,2026-09-23,0.0356,-0.0388,-0.0438,-0.0642,-0.1002,0.2092,-0.0003,-0.0003,14,110,-0.0035,0.0002,0.4286,-0.0129,很弱
1Y,1D,801120,食品饮料,500,2025-09-11,2026-09-23,0.0645,-0.0265,-0.0253,-0.0423,0.0278,0.2767,-0.0005,-0.0006,14,110,-0.0024,-0.001,0.4286,-0.0143,很弱
1Y,5D,801170,交通运输,496,2025-09-11,2026-09-18,0.0715,0.0806,-0.0203,-0.0111,-0.1263,0.2189,-0.0007,-0.0006,14,106,-0.0029,-0.0027,0.3571,-0.0081,很弱
1Y,5D,801760,传媒,496,2025-09-11,2026-09-18,0.0938,0.1368,0.0481,0.0925,-0.0723,0.1568,-0.0018,-0.0018,14,106,0.0188,-0.0063,0.7143,-0.0517,很弱
1Y,5D,801160,公用事业,496,2025-09-11,2026-09-18,-0.0901,0.0809,-0.126,0.0022,-0.1335,0.1993,0.0001,0.0002,14,106,0.0005,0.0019,0.3571,-0.0033,很弱
1Y,5D,801010,农林牧渔,496,2025-09-11,2026-09-18,0.02,-0.0187,-0.0382,-0.0658,-0.1086,0.1691,-0.0016,-0.0015,14,106,-0.0126,0.0008,0.3571,-0.0265,很弱
1Y,5D,801150,医药生物,496,2025-09-11,2026-09-18,0.194,0.0999,0.1083,0.0319,-0.0941,0.188,-0.0012,-0.0011,14,106,-0.0049,-0.0047,0.3571,-0.0589,很弱
1Y,5D,801200,商贸零售,496,2025-09-11,2026-09-18,0.0716,0.0768,0.0047,0.0119,-0.1265,0.1613,-0.0026,-0.0026,14,106,-0.0022,-0.0057,0.4286,-0.0349,很弱
1Y,5D,801740,国防军工,496,2025-09-11,2026-09-18,-0.0869,0.0536,-0.1442,0.0093,-0.2175,0.0257,0.0003,0.0004,14,106,0.0049,0.0092,0.5714,-0.0854,很弱
1Y,5D,801030,基础化工,496,2025-09-11,2026-09-18,-0.0199,-0.0018,-0.0815,-0.0594,-0.2443,0.0496,0.0008,0.0009,14,106,-0.0015,0.0041,0.5,-0.0584,很弱
1Y,5D,801110,家用电器,496,2025-09-11,2026-09-18,0.1133,0.0804,0.0039,-0.0134,-0.118,0.2407,-0.0005,-0.0004,14,106,-0.0104,-0.0045,0.2857,-0.0147,很弱
1Y,5D,801710,建筑材料,496,2025-09-11,2026-09-18,-0.0198,0.0245,-0.0729,-0.0209,-0.2031,0.0297,0.0022,0.0022,14,106,-0.017,0.0033,0.2143,-0.1317,很弱
1Y,5D,801720,建筑装饰,496,2025-09-11,2026-09-18,-0.0119,0.1067,-0.0822,0.0263,-0.2143,0.1519,-0.0005,-0.0004,14,106,-0.0022,0.0014,0.4286,-0.0452,很弱
1Y,5D,801180,房地产,496,2025-09-11,2026-09-18,0.0506,0.0333,-0.0129,-0.0261,-0.1778,0.123,-0.0014,-0.0013,14,106,-0.0069,-0.0038,0.3571,-0.0534,很弱
1Y,5D,801050,有色金属,496,2025-09-11,2026-09-18,-0.0403,0.0759,-0.086,0.0458,-0.1945,-0.0106,0.0025,0.0025,14,106,0.0225,0.0124,0.7143,-0.0766,很弱
1Y,5D,801890,机械设备,496,2025-09-11,2026-09-18,0.0286,0.0868,-0.0274,0.042,-0.2292,0.0266,0.0013,0.0013,14,106,0.0044,0.002,0.5714,-0.1676,很弱
1Y,5D,801880,汽车,496,2025-09-11,2026-09-18,0.0192,0.0809,-0.0488,0.0115,-0.2221,0.1169,-0.002,-0.0019,14,106,-0.0019,-0.0016,0.5714,-0.0599,很弱
1Y,5D,801950,煤炭,496,2025-09-11,2026-09-18,-0.0733,-0.0222,-0.0971,-0.056,-0.0605,0.1596,0.0027,0.0028,14,106,-0.0195,0.0078,0.2857,-0.0064,很弱
1Y,5D,801970,环保,496,2025-09-11,2026-09-18,0.0171,0.0729,-0.0519,0.0044,-0.231,0.1123,0.0,0.0001,14,106,0.0089,0.0013,0.6429,-0.0779,很弱
1Y,5D,801730,电力设备,496,2025-09-11,2026-09-18,-0.0673,0.0849,-0.1371,0.0381,-0.2277,0.034,-0.0004,-0.0003,14,106,0.0012,0.0031,0.5,-0.066,很弱
1Y,5D,801080,电子,496,2025-09-11,2026-09-18,0.0606,0.0451,0.0309,0.0145,-0.2004,-0.0364,0.0046,0.0047,14,106,-0.0057,0.0034,0.5,-0.2491,很弱
1Y,5D,801960,石油石化,496,2025-09-11,2026-09-18,-0.1989,-0.069,-0.1998,-0.0947,-0.1083,0.1278,0.002,0.002,14,106,-0.0085,0.0117,0.4286,-0.0041,弱
1Y,5D,801210,社会服务,496,2025-09-11,2026-09-18,0.1188,0.1154,0.0435,0.0435,-0.145,0.154,-0.0017,-0.0017,14,106,0.0076,-0.0053,0.6429,-0.0567,很弱
1Y,5D,801130,纺织服饰,496,2025-09-11,2026-09-18,0.0669,0.0311,-0.0034,-0.0298,-0.1653,0.156,-0.0006,-0.0005,14,106,-0.0082,-0.0039,0.3571,-0.0639,很弱
1Y,5D,801230,综合,496,2025-09-11,2026-09-18,-0.0219,0.0308,-0.0626,-0.0059,-0.1769,0.023,0.0014,0.0015,14,106,0.0086,0.0076,0.5714,-0.1721,很弱
1Y,5D,801980,美容护理,496,2025-09-11,2026-09-18,0.1085,0.0901,0.0342,0.0218,-0.1084,0.1716,-0.0034,-0.0034,14,106,-0.006,-0.0072,0.4286,-0.0295,很弱
1Y,5D,801750,计算机,496,2025-09-11,2026-09-18,0.0762,0.1027,0.0289,0.0602,-0.1519,0.0964,-0.0019,-0.0018,14,106,0.0203,-0.0015,0.8571,-0.0685,很弱
1Y,5D,801140,轻工制造,496,2025-09-11,2026-09-18,0.0035,0.053,-0.0618,-0.0161,-0.2333,0.1188,-0.0008,-0.0007,14,106,-0.002,-0.0012,0.5714,-0.0595,很弱
1Y,5D,801770,通信,496,2025-09-11,2026-09-18,0.0361,0.1159,0.0023,0.0942,-0.1793,-0.024,0.0054,0.0055,14,106,0.017,0.0049,0.7143,-0.2444,很弱
1Y,5D,801040,钢铁,496,2025-09-11,2026-09-18,-0.0756,0.0438,-0.1232,-0.0122,-0.2079,0.0917,-0.0012,-0.0011,14,106,0.0003,0.0038,0.4286,-0.0147,很弱
1Y,5D,801780,银行,496,2025-09-11,2026-09-18,0.0824,0.0275,-0.0085,-0.036,0.0809,0.2855,-0.0001,-0.0,14,106,-0.0175,-0.0061,0.3571,-0.0138,很弱
1Y,5D,801790,非银金融,496,2025-09-11,2026-09-18,0.0818,0.0684,0.0055,-0.0031,-0.1002,0.2092,-0.0014,-0.0014,14,106,-0.0111,-0.0012,0.3571,-0.0129,很弱
1Y,5D,801120,食品饮料,496,2025-09-11,2026-09-18,0.1448,0.0858,0.0376,0.0022,0.0278,0.2767,-0.0026,-0.0025,14,106,-0.0111,-0.0068,0.4286,-0.0143,很弱
2Y,10D,801170,交通运输,990,2024-08-28,2026-09-11,-0.0003,0.1026,0.0927,0.025,-0.0742,0.1307,0.0009,-0.0064,24,300,-0.0006,-0.0125,0.4167,-0.1304,很弱
2Y,10D,801760,传媒,990,2024-08-28,2026-09-11,0.0741,0.1285,0.1446,0.1013,-0.0592,0.0779,0.005,-0.0023,24,300,0.0285,-0.01,0.75,-0.2824,很弱
2Y,10D,801160,公用事业,990,2024-08-28,2026-09-11,-0.1136,0.0631,0.0138,-0.002,-0.0884,0.1163,0.001,-0.0062,24,300,-0.0109,-0.0116,0.25,-0.0915,很弱
2Y,10D,801010,农林牧渔,990,2024-08-28,2026-09-11,-0.0617,0.089,0.0261,0.0363,-0.0566,0.1107,0.002,-0.0053,24,300,-0.0071,-0.0055,0.25,-0.1348,很弱
2Y,10D,801150,医药生物,990,2024-08-28,2026-09-11,0.0403,0.1252,0.112,0.0778,-0.0863,0.085,0.0028,-0.0047,24,300,0.0006,-0.0094,0.5,-0.2319,很弱
2Y,10D,801200,商贸零售,990,2024-08-28,2026-09-11,0.0782,0.1197,0.1566,0.0809,-0.049,0.1097,0.0027,-0.0046,24,300,0.0085,-0.0109,0.5,-0.1897,很弱
2Y,10D,801740,国防军工,990,2024-08-28,2026-09-11,-0.0098,0.1077,0.0597,0.0813,-0.119,0.0207,0.005,-0.0023,24,300,0.0353,-0.0023,0.8333,-0.2882,很弱
2Y,10D,801030,基础化工,990,2024-08-28,2026-09-11,-0.0016,0.0814,0.0855,0.0397,-0.1483,0.0324,0.005,-0.0023,24,300,0.0144,-0.0074,0.6667,-0.2097,很弱
2Y,10D,801110,家用电器,990,2024-08-28,2026-09-11,0.042,0.0891,0.1315,0.025,-0.0753,0.1252,0.0024,-0.0048,24,300,-0.0153,-0.0151,0.25,-0.1681,很弱
2Y,10D,801710,建筑材料,990,2024-08-28,2026-09-11,-0.0317,0.0508,0.0445,0.0179,-0.1223,0.0331,0.0064,-0.001,24,300,0.0172,-0.0044,0.8333,-0.253,很弱
2Y,10D,801720,建筑装饰,990,2024-08-28,2026-09-11,0.0076,0.1144,0.1015,0.0649,-0.094,0.1002,0.0026,-0.0047,24,300,0.0151,-0.0084,0.8333,-0.1981,很弱
2Y,10D,801180,房地产,990,2024-08-28,2026-09-11,-0.0045,0.0934,0.0825,0.0641,-0.0914,0.0708,0.0022,-0.0054,24,300,0.0162,-0.009,0.9167,-0.1919,很弱
2Y,10D,801050,有色金属,990,2024-08-28,2026-09-11,-0.0672,0.0514,-0.0006,0.0202,-0.1378,-0.0045,0.0083,0.0012,24,300,0.0409,0.0026,0.8333,-0.2006,很弱
2Y,10D,801890,机械设备,990,2024-08-28,2026-09-11,0.09,0.1092,0.1845,0.083,-0.1265,0.0254,0.0075,0.0002,24,300,0.0264,-0.0098,0.75,-0.3535,弱
2Y,10D,801880,汽车,990,2024-08-28,2026-09-11,0.0887,0.0946,0.1744,0.0501,-0.1172,0.0673,0.0031,-0.0042,24,300,0.0032,-0.0135,0.5833,-0.2248,很弱
2Y,10D,801950,煤炭,990,2024-08-28,2026-09-11,-0.1095,0.0147,-0.0154,-0.0231,-0.067,0.0856,0.0026,-0.0047,24,300,-0.0125,-0.007,0.1667,-0.086,很弱
2Y,10D,801970,环保,990,2024-08-28,2026-09-11,0.031,0.1246,0.1173,0.0738,-0.1209,0.0667,0.0042,-0.0031,24,300,0.0271,-0.0083,0.75,-0.2668,很弱
2Y,10D,801730,电力设备,990,2024-08-28,2026-09-11,-0.0128,0.1052,0.0617,0.077,-0.1293,0.0157,0.0054,-0.0018,24,300,0.0061,-0.0088,0.75,-0.2552,很弱
2Y,10D,801080,电子,990,2024-08-28,2026-09-11,0.1192,0.0981,0.1949,0.0832,-0.1071,0.0057,0.0122,0.0048,24,300,0.0282,-0.0096,0.6667,-0.4464,弱
2Y,10D,801960,石油石化,990,2024-08-28,2026-09-11,-0.1181,-0.0048,-0.0168,-0.0398,-0.0769,0.0872,0.0025,-0.0047,24,300,-0.0087,-0.0082,0.25,-0.0915,很弱
2Y,10D,801210,社会服务,990,2024-08-28,2026-09-11,0.0648,0.142,0.1503,0.1059,-0.0758,0.0889,0.0025,-0.0048,24,300,0.0191,-0.0112,0.75,-0.2544,很弱
2Y,10D,801130,纺织服饰,990,2024-08-28,2026-09-11,0.0601,0.0863,0.1357,0.0345,-0.1026,0.0807,0.003,-0.0044,24,300,0.0103,-0.0121,0.6667,-0.238,很弱
2Y,10D,801230,综合,990,2024-08-28,2026-09-11,0.0005,0.0787,0.0677,0.0483,-0.1122,0.0209,0.0096,0.0023,24,300,0.0251,0.0003,0.6667,-0.3437,很弱
2Y,10D,801980,美容护理,990,2024-08-28,2026-09-11,0.0216,0.1263,0.0929,0.1008,-0.0527,0.0966,0.0005,-0.0069,24,300,-0.0119,-0.0125,0.4167,-0.2186,很弱
2Y,10D,801750,计算机,990,2024-08-28,2026-09-11,0.0994,0.1275,0.1879,0.1199,-0.0731,0.0592,0.0056,-0.0017,24,300,0.0409,-0.0093,0.8333,-0.3384,弱
2Y,10D,801140,轻工制造,990,2024-08-28,2026-09-11,0.0281,0.092,0.1159,0.045,-0.1254,0.0648,0.0034,-0.004,24,300,0.0142,-0.01,0.6667,-0.229,很弱
2Y,10D,801770,通信,990,2024-08-28,2026-09-11,0.0259,0.1347,0.09,0.1201,-0.1201,-0.0162,0.0143,0.0068,24,300,0.0288,-0.0011,0.75,-0.4075,很弱
2Y,10D,801040,钢铁,990,2024-08-28,2026-09-11,-0.071,0.0496,0.013,0.0088,-0.1185,0.0566,0.0028,-0.0044,24,300,0.0047,-0.0065,0.4167,-0.1455,很弱
2Y,10D,801780,银行,990,2024-08-28,2026-09-11,0.0162,0.0238,0.0927,-0.0261,0.0119,0.1608,0.0025,-0.0047,24,300,-0.0079,-0.0147,0.5,-0.0788,很弱
2Y,10D,801790,非银金融,990,2024-08-28,2026-09-11,-0.0274,0.098,0.0551,0.0723,-0.0692,0.1035,0.0034,-0.0038,24,300,-0.0074,-0.0049,0.3333,-0.1775,很弱
2Y,10D,801120,食品饮料,990,2024-08-28,2026-09-11,-0.0103,0.0919,0.0724,0.0454,0.0107,0.1736,-0.0006,-0.0078,24,300,-0.0201,-0.0139,0.25,-0.1032,很弱
2Y,1D,801170,交通运输,1004,2024-08-28,2026-09-23,0.0437,-0.004,-0.0453,-0.0485,-0.0742,0.1307,0.0001,-0.0006,24,306,-0.0019,-0.0001,0.4167,-0.1304,很弱
2Y,1D,801760,传媒,1004,2024-08-28,2026-09-23,0.0725,0.0502,0.0172,0.017,-0.0592,0.0779,0.0005,-0.0002,24,306,-0.0016,-0.0005,0.4167,-0.2824,很弱
2Y,1D,801160,公用事业,1004,2024-08-28,2026-09-23,-0.0039,0.0027,-0.0746,-0.0418,-0.0884,0.1163,0.0001,-0.0006,24,306,-0.0019,0.0002,0.4583,-0.0915,很弱
2Y,1D,801010,农林牧渔,1004,2024-08-28,2026-09-23,0.0176,0.0253,-0.0508,-0.0187,-0.0566,0.1107,0.0002,-0.0005,24,306,-0.0022,0.0007,0.3333,-0.1348,很弱
2Y,1D,801150,医药生物,1004,2024-08-28,2026-09-23,0.0591,0.0376,-0.0126,-0.0058,-0.0863,0.085,0.0003,-0.0004,24,306,-0.0054,0.0001,0.3333,-0.2319,很弱
2Y,1D,801200,商贸零售,1004,2024-08-28,2026-09-23,0.0667,0.0089,-0.002,-0.0308,-0.049,0.1097,0.0003,-0.0004,24,306,-0.0025,-0.0005,0.4167,-0.1897,很弱
2Y,1D,801740,国防军工,1004,2024-08-28,2026-09-23,0.0271,0.001,-0.0322,-0.0356,-0.119,0.0207,0.0005,-0.0002,24,306,-0.0022,0.0005,0.4583,-0.2882,很弱
2Y,1D,801030,基础化工,1004,2024-08-28,2026-09-23,0.0221,-0.0019,-0.0524,-0.0467,-0.1483,0.0324,0.0005,-0.0002,24,306,-0.0051,0.0006,0.3333,-0.2097,很弱
2Y,1D,801110,家用电器,1004,2024-08-28,2026-09-23,0.0403,-0.0118,-0.0452,-0.0547,-0.0753,0.1252,0.0002,-0.0005,24,306,-0.0034,-0.0003,0.375,-0.1681,很弱
2Y,1D,801710,建筑材料,1004,2024-08-28,2026-09-23,0.0159,0.0183,-0.0496,-0.021,-0.1223,0.0331,0.0006,-0.0001,24,306,-0.0045,0.0006,0.4583,-0.253,很弱
2Y,1D,801720,建筑装饰,1004,2024-08-28,2026-09-23,0.0513,0.0258,-0.0305,-0.0231,-0.094,0.1002,0.0002,-0.0005,24,306,-0.0015,0.0001,0.4583,-0.1981,很弱
2Y,1D,801180,房地产,1004,2024-08-28,2026-09-23,0.0313,-0.0195,-0.0356,-0.0579,-0.0914,0.0708,0.0002,-0.0005,24,306,-0.0037,0.0001,0.4583,-0.1919,很弱
2Y,1D,801050,有色金属,1004,2024-08-28,2026-09-23,0.0124,0.0319,-0.0469,-0.0018,-0.1378,-0.0045,0.0008,0.0001,24,306,-0.0019,0.0011,0.5,-0.2006,很弱
2Y,1D,801890,机械设备,1004,2024-08-28,2026-09-23,0.0594,0.0173,-0.0028,-0.0226,-0.1265,0.0254,0.0007,0.0,24,306,-0.0052,-0.0002,0.375,-0.3535,很弱
2Y,1D,801880,汽车,1004,2024-08-28,2026-09-23,0.0545,0.0102,-0.0224,-0.0353,-0.1172,0.0673,0.0003,-0.0004,24,306,-0.004,-0.0003,0.4167,-0.2248,很弱
2Y,1D,801950,煤炭,1004,2024-08-28,2026-09-23,-0.0245,0.0006,-0.0767,-0.0342,-0.067,0.0856,0.0003,-0.0004,24,306,-0.0028,0.0014,0.375,-0.086,很弱
2Y,1D,801970,环保,1004,2024-08-28,2026-09-23,0.0491,0.0189,-0.0287,-0.0275,-0.1209,0.0667,0.0004,-0.0003,24,306,-0.0019,0.0003,0.4167,-0.2668,很弱
2Y,1D,801730,电力设备,1004,2024-08-28,2026-09-23,0.0325,0.0453,-0.0312,0.0112,-0.1293,0.0157,0.0005,-0.0002,24,306,-0.0052,-0.0,0.3333,-0.2552,很弱
2Y,1D,801080,电子,1004,2024-08-28,2026-09-23,0.0622,-0.0024,0.0188,-0.0363,-0.1071,0.0057,0.0012,0.0005,24,306,-0.0091,-0.0001,0.3333,-0.4464,很弱
2Y,1D,801960,石油石化,1004,2024-08-28,2026-09-23,-0.0342,-0.0053,-0.0868,-0.0407,-0.0769,0.0872,0.0002,-0.0005,24,306,-0.0035,0.0012,0.4167,-0.0915,很弱
2Y,1D,801210,社会服务,1004,2024-08-28,2026-09-23,0.0694,0.0387,-0.0001,-0.0031,-0.0758,0.0889,0.0003,-0.0004,24,306,-0.0026,-0.0004,0.4167,-0.2544,很弱
2Y,1D,801130,纺织服饰,1004,2024-08-28,2026-09-23,0.0383,-0.014,-0.0371,-0.0535,-0.1026,0.0807,0.0003,-0.0004,24,306,-0.0054,0.0001,0.4167,-0.238,很弱
2Y,1D,801230,综合,1004,2024-08-28,2026-09-23,0.0224,0.0087,-0.0329,-0.0248,-0.1122,0.0209,0.001,0.0003,24,306,-0.0067,0.0012,0.375,-0.3437,很弱
2Y,1D,801980,美容护理,1004,2024-08-28,2026-09-23,0.0548,0.0353,-0.0068,-0.0019,-0.0527,0.0966,0.0001,-0.0006,24,306,-0.0051,-0.0004,0.3333,-0.2186,很弱
2Y,1D,801750,计算机,1004,2024-08-28,2026-09-23,0.0758,0.0277,0.0264,-0.0044,-0.0731,0.0592,0.0006,-0.0001,24,306,-0.0026,-0.0004,0.375,-0.3384,很弱
2Y,1D,801140,轻工制造,1004,2024-08-28,2026-09-23,0.0349,-0.0042,-0.042,-0.0477,-0.1254,0.0648,0.0004,-0.0003,24,306,-0.0045,0.0001,0.375,-0.229,很弱
2Y,1D,801770,通信,1004,2024-08-28,2026-09-23,0.0468,0.033,0.0032,0.0074,-0.1201,-0.0162,0.0014,0.0007,24,306,-0.0035,0.0004,0.4167,-0.4075,很弱
2Y,1D,801040,钢铁,1004,2024-08-28,2026-09-23,0.0035,-0.0107,-0.0656,-0.0514,-0.1185,0.0566,0.0003,-0.0004,24,306,-0.0025,0.0006,0.375,-0.1455,很弱
2Y,1D,801780,银行,1004,2024-08-28,2026-09-23,0.0176,-0.0214,-0.0534,-0.0512,0.0119,0.1608,0.0002,-0.0005,24,306,-0.0019,-0.0001,0.4167,-0.0788,很弱
2Y,1D,801790,非银金融,1004,2024-08-28,2026-09-23,0.0255,-0.0121,-0.0464,-0.0571,-0.0692,0.1035,0.0003,-0.0004,24,306,-0.004,0.0004,0.375,-0.1775,很弱
2Y,1D,801120,食品饮料,1004,2024-08-28,2026-09-23,0.0421,0.0184,-0.0341,-0.0263,0.0107,0.1736,-0.0001,-0.0008,24,306,-0.0021,-0.0005,0.4167,-0.1032,很弱
2Y,5D,801170,交通运输,1000,2024-08-28,2026-09-18,0.0705,0.1297,0.0361,-0.0546,-0.0742,0.1307,0.0005,-0.003,24,302,0.0028,-0.0048,0.4583,-0.1304,很弱
2Y,5D,801760,传媒,1000,2024-08-28,2026-09-18,0.1158,0.1137,0.1112,0.0128,-0.0592,0.0779,0.0025,-0.001,24,302,0.0152,-0.0056,0.7083,-0.2824,很弱
2Y,5D,801160,公用事业,1000,2024-08-28,2026-09-18,-0.0314,0.0774,-0.0304,-0.0818,-0.0884,0.1163,0.0004,-0.0031,24,302,-0.0003,-0.0039,0.375,-0.0915,很弱
2Y,5D,801010,农林牧渔,1000,2024-08-28,2026-09-18,0.0038,0.0973,-0.0077,-0.0426,-0.0566,0.1107,0.001,-0.0025,24,302,-0.0025,-0.0011,0.4583,-0.1348,很弱
2Y,5D,801150,医药生物,1000,2024-08-28,2026-09-18,0.0894,0.1112,0.0727,-0.0176,-0.0863,0.085,0.0015,-0.002,24,302,-0.009,-0.004,0.25,-0.2319,很弱
2Y,5D,801200,商贸零售,1000,2024-08-28,2026-09-18,0.1186,0.1066,0.1042,-0.0168,-0.049,0.1097,0.0014,-0.0021,24,302,0.0066,-0.0055,0.5417,-0.1897,很弱
2Y,5D,801740,国防军工,1000,2024-08-28,2026-09-18,0.0421,0.0881,0.0352,-0.017,-0.119,0.0207,0.0025,-0.001,24,302,0.0165,-0.0003,0.7083,-0.2882,很弱
2Y,5D,801030,基础化工,1000,2024-08-28,2026-09-18,0.0372,0.0621,0.0246,-0.0738,-0.1483,0.0324,0.0026,-0.001,24,302,-0.001,-0.0019,0.4583,-0.2097,很弱
2Y,5D,801110,家用电器,1000,2024-08-28,2026-09-18,0.0821,0.079,0.0491,-0.0781,-0.0753,0.1252,0.0012,-0.0023,24,302,-0.0064,-0.006,0.3333,-0.1681,很弱
2Y,5D,801710,建筑材料,1000,2024-08-28,2026-09-18,0.0053,0.0821,-0.0054,-0.039,-0.1223,0.0331,0.0032,-0.0004,24,302,-0.0,-0.0007,0.4583,-0.253,很弱
2Y,5D,801720,建筑装饰,1000,2024-08-28,2026-09-18,0.0689,0.1239,0.0514,-0.0339,-0.094,0.1002,0.0012,-0.0023,24,302,0.0084,-0.0032,0.5833,-0.1981,很弱
2Y,5D,801180,房地产,1000,2024-08-28,2026-09-18,0.0569,0.1024,0.0483,-0.0228,-0.0914,0.0708,0.0013,-0.0022,24,302,0.0116,-0.0037,0.5833,-0.1919,很弱
2Y,5D,801050,有色金属,1000,2024-08-28,2026-09-18,-0.0061,0.0882,-0.016,-0.0168,-0.1378,-0.0045,0.0041,0.0006,24,302,0.017,0.0026,0.5833,-0.2006,很弱
2Y,5D,801890,机械设备,1000,2024-08-28,2026-09-18,0.1075,0.0853,0.1048,-0.0323,-0.1265,0.0254,0.0038,0.0002,24,302,0.0035,-0.0041,0.5417,-0.3535,很弱
2Y,5D,801880,汽车,1000,2024-08-28,2026-09-18,0.1018,0.0681,0.084,-0.0675,-0.1172,0.0673,0.0016,-0.0019,24,302,-0.0028,-0.0054,0.5833,-0.2248,很弱
2Y,5D,801950,煤炭,1000,2024-08-28,2026-09-18,-0.0684,0.0329,-0.0607,-0.0822,-0.067,0.0856,0.0013,-0.0022,24,302,-0.0095,0.0003,0.3333,-0.086,很弱
2Y,5D,801970,环保,1000,2024-08-28,2026-09-18,0.0801,0.1019,0.0617,-0.0418,-0.1209,0.0667,0.0021,-0.0014,24,302,0.0109,-0.0028,0.6667,-0.2668,很弱
2Y,5D,801730,电力设备,1000,2024-08-28,2026-09-18,0.0315,0.1003,0.0241,-0.0096,-0.1293,0.0157,0.0027,-0.0008,24,302,-0.0034,-0.003,0.375,-0.2552,很弱
2Y,5D,801080,电子,1000,2024-08-28,2026-09-18,0.1251,0.0662,0.1348,-0.0209,-0.1071,0.0057,0.0061,0.0026,24,302,-0.0044,-0.0039,0.5,-0.4464,很弱
2Y,5D,801960,石油石化,1000,2024-08-28,2026-09-18,-0.0836,0.006,-0.0713,-0.1059,-0.0769,0.0872,0.0013,-0.0022,24,302,-0.0062,-0.0006,0.4167,-0.0915,很弱
2Y,5D,801210,社会服务,1000,2024-08-28,2026-09-18,0.1119,0.1299,0.0999,0.0005,-0.0758,0.0889,0.0013,-0.0022,24,302,0.0078,-0.0054,0.625,-0.2544,很弱
2Y,5D,801130,纺织服饰,1000,2024-08-28,2026-09-18,0.0815,0.0516,0.0572,-0.0812,-0.1026,0.0807,0.0016,-0.002,24,302,-0.0046,-0.0049,0.375,-0.238,很弱
2Y,5D,801230,综合,1000,2024-08-28,2026-09-18,0.0373,0.0571,0.028,-0.0429,-0.1122,0.0209,0.0048,0.0013,24,302,0.0058,0.0015,0.5,-0.3437,很弱
2Y,5D,801980,美容护理,1000,2024-08-28,2026-09-18,0.0804,0.1202,0.0773,0.0142,-0.0527,0.0966,0.0004,-0.0032,24,302,-0.0099,-0.0062,0.375,-0.2186,很弱
2Y,5D,801750,计算机,1000,2024-08-28,2026-09-18,0.1313,0.0992,0.141,0.0093,-0.0731,0.0592,0.0029,-0.0006,24,302,0.0195,-0.0049,0.7917,-0.3384,很弱
2Y,5D,801140,轻工制造,1000,2024-08-28,2026-09-18,0.0643,0.0724,0.0469,-0.0686,-0.1254,0.0648,0.0018,-0.0017,24,302,0.0015,-0.0039,0.5,-0.229,很弱
2Y,5D,801770,通信,1000,2024-08-28,2026-09-18,0.0697,0.1057,0.0676,0.0213,-0.1201,-0.0162,0.0072,0.0036,24,302,0.0097,-0.0003,0.5417,-0.4075,很弱
2Y,5D,801040,钢铁,1000,2024-08-28,2026-09-18,-0.0078,0.0769,-0.0189,-0.0572,-0.1185,0.0566,0.0014,-0.0021,24,302,0.0028,-0.0016,0.4167,-0.1455,很弱
2Y,5D,801780,银行,1000,2024-08-28,2026-09-18,0.0368,0.0238,0.0104,-0.1096,0.0119,0.1608,0.0011,-0.0024,24,302,-0.004,-0.0056,0.4583,-0.0788,很弱
2Y,5D,801790,非银金融,1000,2024-08-28,2026-09-18,0.0412,0.0956,0.035,-0.0316,-0.0692,0.1035,0.0017,-0.0018,24,302,-0.0045,-0.0017,0.4167,-0.1775,很弱
2Y,5D,801120,食品饮料,1000,2024-08-28,2026-09-18,0.0602,0.1147,0.0444,-0.0311,0.0107,0.1736,-0.0003,-0.0038,24,302,-0.0076,-0.0064,0.4583,-0.1032,很弱
