trade_date,avix,near_expiry,next_expiry,near_dte,next_dte,near_var,next_var,near_n_options,next_n_options,quality,sse_open,sse_close,sse_ret1,sse_ret10,sse_ma5,sse_ma10,sse_prev_close,sse_prev_ma5,s3_signal,s4_signal,s3_s4_signal,s3_buy,s3_sell,s4_buy,s4_sell,s3_s4_buy,s3_s4_sell,s3_sell_reason,s4_sell_reason,s3_s4_sell_reason,execution_trade_date,execution_sse_open,signal_quality
2025-10-17,20.95887818821866,2025-11-21,2025-11-21,35.0,35.0,0.0439274574908587,0.0439274574908587,28.0,28.0,WARN_NOT_BRACKET_30D,3912.04,3839.755,,,,,,,False,False,False,False,False,False,False,False,False,,,,2025-10-20,3865.552,WARN_NOT_BRACKET_30D
2025-10-20,20.192641583842608,2025-11-21,2025-11-21,32.0,32.0,0.0407742774133529,0.0407742774133529,28.0,28.0,WARN_NOT_BRACKET_30D,3865.552,3863.893,0.006286338581497963,,,,3839.755,,False,False,False,False,False,False,False,False,False,,,,2025-10-21,3870.749,WARN_NOT_BRACKET_30D
2025-10-21,18.823052370836443,2025-11-21,2025-11-21,31.0,31.0,0.0354307300555251,0.0354307300555251,28.0,28.0,WARN_NOT_BRACKET_30D,3870.749,3916.332,0.013571545588865863,,,,3863.893,,False,False,False,False,False,False,False,False,False,,,,2025-10-22,3896.074,WARN_NOT_BRACKET_30D
2025-10-22,18.71253314715309,2025-11-21,2025-11-21,30.0,30.0,0.0350158896783303,0.0350158896783303,28.0,28.0,OK,3896.074,3913.758,-0.0006572476490757095,,,,3916.332,,False,False,False,False,False,False,False,False,False,,,,2025-10-23,3904.159,OK
2025-10-23,19.16815789061289,2025-11-21,2025-12-19,29.0,57.0,0.0363564032993226,0.0420363417169378,28.0,29.0,OK,3904.159,3922.41,0.0022106629996030414,,3891.2296,,3913.758,,False,False,False,False,False,False,False,False,False,,,,2025-10-24,3929.115,OK
2025-10-24,18.33977986522261,2025-11-21,2025-12-19,28.0,56.0,0.032816547047105,0.0389530883224358,28.0,29.0,OK,3929.115,3950.312,0.007113483802050347,,3913.3409999999994,,3922.41,3891.2296,False,False,False,False,False,False,False,False,False,,,,2025-10-27,3969.22,OK
2025-10-27,18.776135730596387,2025-11-21,2025-12-19,25.0,53.0,0.0339794367042571,0.0380205993390547,28.0,29.0,OK,3969.22,3996.945,0.011804890347901775,,3939.9513999999995,,3950.312,3913.3409999999994,False,False,False,False,False,False,False,False,False,,,,2025-10-28,3986.891,OK
2025-10-28,18.338862274184898,2025-11-21,2025-12-19,24.0,52.0,0.0317789494375722,0.0367662812049029,28.0,29.0,OK,3986.891,3988.224,-0.0021819164386800427,,3954.3298000000004,,3996.945,3939.9513999999995,False,False,False,False,False,False,False,False,False,,,,2025-10-29,3990.266,OK
2025-10-29,18.748539216657043,2025-11-21,2025-12-19,23.0,51.0,0.032871128267823,0.0382349965220104,28.0,29.0,OK,3990.266,4016.331,0.0070474978336221294,,3974.8444000000004,,3988.224,3954.3298000000004,False,False,False,False,False,False,False,False,False,,,,2025-10-30,4007.821,OK
2025-10-30,18.02428791713333,2025-11-21,2025-12-19,22.0,50.0,0.0287282978001237,0.0366226129530048,29.0,30.0,OK,4007.821,3986.901,-0.007327583309244212,,3987.7426,3939.4860999999996,4016.331,3974.8444000000004,False,False,False,False,False,False,False,False,False,,,,2025-10-31,3985.064,OK
2025-10-31,18.6987503301156,2025-11-21,2025-12-19,21.0,49.0,0.0309360542184787,0.0386089535943284,29.0,29.0,OK,3985.064,3954.79,-0.008054125246651389,0.02995894269295829,3988.6382,3950.9896,3986.901,3987.7426,False,False,False,False,False,False,False,False,False,,,,2025-11-03,3954.078,OK
2025-11-03,19.02854241277667,2025-11-21,2025-12-19,18.0,46.0,0.0305957443288998,0.0391369591432671,29.0,30.0,OK,3954.078,3976.521,0.005494855605481019,0.029148840301737255,3984.5534,3962.2524,3954.79,3988.6382,False,False,False,False,False,False,False,False,False,,,,2025-11-04,3973.458,OK
2025-11-04,18.873054686659515,2025-11-21,2025-12-19,17.0,45.0,0.0319726562659796,0.0372087468058957,29.0,30.0,OK,3973.458,3960.186,-0.004107862123700623,0.011197722767119833,3978.9458,3966.6377999999995,3976.521,3984.5534,False,False,False,False,False,False,False,False,False,,,,2025-11-05,3922.584,OK
2025-11-05,18.98401971158168,2025-11-21,2025-12-19,16.0,44.0,0.0316793172306786,0.0376247488810789,29.0,30.0,OK,3922.584,3969.248,0.0022882763587366295,0.014178188840495487,3969.5292,3972.1868000000004,3960.186,3978.9458,False,False,False,False,False,False,False,False,False,,,,2025-11-06,3973.349,OK
2025-11-06,18.17624146835914,2025-11-21,2025-12-19,15.0,43.0,0.0278533830280042,0.0346048893620022,29.0,30.0,OK,3973.349,4007.76,0.009702593539128834,0.021759581481793244,3973.701,3980.7218000000003,3969.248,3969.5292,False,False,False,False,False,False,False,False,False,,,,2025-11-07,3994.317,OK
2025-11-07,18.14813500586485,2025-11-21,2025-12-19,14.0,42.0,0.0268507502330984,0.0344566629656125,29.0,30.0,OK,3994.317,3997.556,-0.0025460606423538534,0.01195956167512846,3982.2542000000003,3985.4462,4007.76,3973.701,False,False,False,False,False,False,False,False,False,,,,2025-11-10,4001.794,OK
2025-11-10,18.92648939340497,2025-11-21,2025-12-19,11.0,39.0,0.0305373415314332,0.0365271406911153,29.0,30.0,OK,4001.794,4018.597,0.005263465977712434,0.005417137338642464,3990.6694,3987.6114000000002,3997.556,3982.2542000000003,False,False,False,False,False,False,False,False,False,,,,2025-11-11,4023.877,OK
2025-11-11,19.56469780875871,2025-11-21,2025-12-19,10.0,38.0,0.0326392738527427,0.0388712627908113,28.0,30.0,OK,4023.877,4002.758,-0.003941425328292558,0.003644228609024802,3999.1838000000002,3989.0648,4018.597,3990.6694,False,False,False,False,False,False,False,False,False,,,,2025-11-12,3996.565,OK
2025-11-12,19.043450691522143,2025-11-21,2025-12-19,9.0,37.0,0.032301560359375,0.0365866858346923,29.0,30.0,OK,3996.565,4000.14,-0.0006540490331915505,-0.004031291245666813,4005.3622000000005,3987.4457,4002.758,3999.1838000000002,False,False,False,False,False,False,False,False,False,,,,2025-11-13,3996.514,OK
2025-11-13,18.776290261294807,2025-11-21,2025-12-19,8.0,36.0,0.0272726051050085,0.0357386835062837,29.0,30.0,OK,3996.514,4029.501,0.007339993100241582,0.010684990673207162,4009.7104,3991.7057,4000.14,4005.3622000000005,False,False,False,False,False,False,False,False,False,,,,2025-11-14,4007.126,OK
2025-11-14,18.69105383424736,2025-11-21,2025-12-19,7.0,35.0,0.0296537707120012,0.0351651918926677,29.0,30.0,OK,4007.126,3990.492,-0.00968085130143903,0.009027533699640156,4008.2976000000003,3995.2759000000005,4029.501,4009.7104,False,False,False,False,False,False,False,False,False,,,,2025-11-17,3988.556,OK
2025-11-17,19.327052906399743,2025-12-19,2025-12-19,32.0,32.0,0.0373534974046774,0.0373534974046774,30.0,30.0,WARN_NOT_BRACKET_30D,3988.556,3972.035,-0.0046252442054764975,-0.0011281217928938991,3998.9852,3994.8273,3990.492,4008.2976000000003,False,False,False,False,False,False,False,False,False,,,,2025-11-18,3962.444,WARN_NOT_BRACKET_30D
2025-11-18,20.43261794835023,2025-12-19,2025-12-19,31.0,31.0,0.0417491876223244,0.0417491876223244,30.0,30.0,WARN_NOT_BRACKET_30D,3962.444,3939.813,-0.008112214519761185,-0.005144455336188791,3986.3962,3992.79,3972.035,3998.9852,False,False,False,False,False,False,False,False,False,,,,2025-11-19,3937.92,WARN_NOT_BRACKET_30D
2025-11-19,19.56256233861812,2025-12-19,2025-12-19,30.0,30.0,0.0382693845252319,0.0382693845252319,30.0,30.0,OK,3937.92,3946.742,0.0017587129135316903,-0.005670091664718324,3975.7166000000007,3990.5394,3939.813,3986.3962,False,False,False,False,False,False,False,False,False,,,,2025-11-20,3960.699,OK
2025-11-20,18.68269813404257,2025-12-19,2026-01-16,29.0,57.0,0.0350725750669137,0.032593040812249,30.0,23.0,OK,3960.699,3931.051,-0.0039756842479189425,-0.019140118170748788,3956.0266,3982.8684999999996,3946.742,3975.7166000000007,False,False,False,False,False,False,False,False,False,,,,2025-11-21,3896.665,OK
2025-11-21,20.187195369836545,2025-12-19,2026-01-16,28.0,56.0,0.0412175013473257,0.0377283839173449,30.0,23.0,OK,3896.665,3834.891,-0.024461651604112955,-0.04069111226959676,3924.9064,3966.6020000000003,3931.051,3956.0266,False,False,False,False,False,False,False,False,False,,,,2025-11-24,3848.657,OK
2025-11-24,18.88335316704507,2025-12-19,2026-01-16,25.0,53.0,0.0365136456098886,0.0338017359552737,30.0,24.0,OK,3848.657,3836.766,0.0004889317584255704,-0.04524738360178937,3897.8525999999997,3948.4188999999997,3834.891,3924.9064,False,False,False,False,False,False,False,False,False,,,,2025-11-25,3850.571,OK
2025-11-25,17.313843732828072,2025-12-19,2026-01-16,24.0,52.0,0.0305865933149775,0.0289451610682507,30.0,24.0,OK,3850.571,3870.023,0.008667977145335515,-0.03316088556939978,3883.8946000000005,3935.1454,3836.766,3897.8525999999997,False,False,False,False,False,False,False,False,False,,,,2025-11-26,3867.429,OK
2025-11-26,16.262221884140853,2025-12-19,2026-01-16,23.0,51.0,0.0261355337351213,0.0268660097957839,30.0,24.0,OK,3867.429,3864.184,-0.0015087765628266636,-0.03398781042663501,3867.3830000000003,3921.5498,3870.023,3883.8946000000005,False,False,False,False,False,False,False,False,False,,,,2025-11-27,3867.197,OK
2025-11-27,16.124706053132954,2025-12-19,2026-01-16,22.0,50.0,0.0261283123227102,0.0258601469580066,30.0,24.0,OK,3867.197,3875.259,0.002866064348902686,-0.038278188788140266,3856.2246,3906.1256000000003,3864.184,3867.3830000000003,False,False,False,False,False,False,False,False,False,,,,2025-11-28,3870.944,OK
2025-11-28,15.655063768513347,2025-12-19,2026-01-16,21.0,49.0,0.0243387682397759,0.0246613090394825,29.0,24.0,OK,3870.944,3888.596,0.003441576421085557,-0.02553469597232627,3866.9656000000004,3895.936,3875.259,3856.2246,False,False,False,False,False,False,False,False,False,,,,2025-12-01,3894.213,OK
2025-12-01,15.98726985393865,2025-12-19,2026-01-16,18.0,46.0,0.0257674021468681,0.0254506941337772,29.0,24.0,OK,3894.213,3914.006,0.006534492140608084,-0.01460938788303734,3882.4136,3890.1331,3888.596,3866.9656000000004,False,False,False,False,False,False,False,False,False,,,,2025-12-02,3908.456,OK
2025-12-02,15.762198386168006,2025-12-19,2026-01-16,17.0,45.0,0.024742806853415,0.0248891003101405,29.0,24.0,OK,3908.456,3897.712,-0.004162998217171809,-0.010686040175003297,3887.9513999999995,3885.923,3914.006,3882.4136,False,False,False,False,False,False,False,False,False,,,,2025-12-03,3894.156,OK
2025-12-03,15.982672492713256,2025-12-19,2026-01-16,16.0,44.0,0.0256022722652525,0.025523603722999,28.0,24.0,OK,3894.156,3878.0,-0.00505732593890984,-0.01741740402590297,3890.7146000000002,3879.0487999999996,3897.712,3887.9513999999995,False,False,False,False,False,False,False,False,False,,,,2025-12-04,3879.742,OK
2025-12-04,15.721695320039974,2025-12-19,2026-01-16,15.0,43.0,0.024874907902176,0.0246694822835871,30.0,24.0,OK,3879.742,3875.793,-0.0005691077875192851,-0.014056800585899198,3890.8214,3873.523,3878.0,3890.7146000000002,False,False,False,False,False,False,False,False,False,,,,2025-12-05,3873.121,OK
2025-12-05,15.61334587679214,2025-12-19,2026-01-16,14.0,42.0,0.0234373561688469,0.024612732141331,30.0,24.0,OK,3873.121,3902.808,0.006970186488287622,0.017710281726390553,3893.6638,3880.3147,3875.793,3890.8214,False,False,False,False,False,False,False,False,False,,,,2025-12-08,3909.226,OK
2025-12-08,16.474011412291116,2025-12-19,2026-01-16,11.0,39.0,0.0273085560150622,0.027116692744321,30.0,24.0,OK,3909.226,3924.078,0.005449922209854963,0.02275666537912402,3895.6782,3889.0459,3902.808,3893.6638,False,False,False,False,False,False,False,False,False,,,,2025-12-09,3916.509,OK
2025-12-09,15.749385232037191,2025-12-19,2026-01-16,10.0,38.0,0.0251472338489415,0.0247682166418447,30.0,24.0,OK,3916.509,3909.522,-0.003709406387946479,0.010206399290133339,3898.0402000000004,3892.9957999999997,3924.078,3895.6782,False,False,False,False,False,False,False,False,False,,,,2025-12-10,3901.128,OK
2025-12-10,16.418761495710786,2025-12-19,2026-01-16,9.0,37.0,0.0275276451540185,0.0269113508310833,29.0,24.0,OK,3901.128,3900.496,-0.0023087221404559655,0.009397068048519364,3902.5394,3896.6270000000004,3909.522,3898.0402000000004,False,False,False,False,False,False,False,False,False,,,,2025-12-11,3903.895,OK
2025-12-11,16.48489674996884,2025-12-19,2026-01-16,8.0,36.0,0.0288852387043222,0.0270715422906461,29.0,24.0,OK,3903.895,3873.318,-0.0069678317834449555,-0.0005008697483187552,3902.0444,3896.4329000000007,3900.496,3902.5394,False,False,False,False,False,False,False,False,False,,,,2025-12-12,3869.413,OK
2025-12-12,16.005285871177534,2025-12-19,2026-01-16,7.0,35.0,0.0229175935625887,0.0257342794956907,30.0,24.0,OK,3869.413,3889.346,0.00413805424703062,0.0001928716688490706,3899.352,3896.5078999999996,3873.318,3902.0444,False,False,False,False,False,False,False,False,False,,,,2025-12-15,3865.402,OK
2025-12-15,16.052701412317187,2026-01-16,2026-01-16,32.0,32.0,0.025768922263301,0.025768922263301,24.0,24.0,WARN_NOT_BRACKET_30D,3865.402,3867.921,-0.005508638213211237,-0.01177438154157151,3888.1205999999997,3891.8994000000007,3889.346,3899.352,False,False,False,False,False,False,False,False,False,,,,2025-12-16,3861.515,WARN_NOT_BRACKET_30D
2025-12-16,16.53221946678011,2026-01-16,2026-01-16,31.0,31.0,0.0273314280497783,0.0273314280497783,24.0,24.0,WARN_NOT_BRACKET_30D,3861.515,3824.812,-0.011145263825191876,-0.018703280283407286,3871.1786,3884.6094000000003,3867.921,3888.1205999999997,False,False,False,False,False,False,False,False,False,,,,2025-12-17,3822.509,WARN_NOT_BRACKET_30D
2025-12-17,16.655331914785272,2026-01-16,2026-01-16,30.0,30.0,0.0277400081191664,0.0277400081191664,24.0,24.0,OK,3822.509,3870.278,0.01188712020355509,-0.0019912325941207065,3865.1349999999998,3883.8371999999995,3824.812,3871.1786,False,False,False,False,False,False,False,False,False,,,,2025-12-18,3857.257,OK
2025-12-18,16.95785780069928,2026-01-16,2026-02-24,29.0,68.0,0.0288345240382232,0.0274988327788272,24.0,22.0,OK,3857.257,3876.371,0.0015743055150043705,0.00014913077143186015,3865.7455999999997,3883.8949999999995,3870.278,3865.1349999999998,False,False,False,False,False,False,False,False,False,,,,2025-12-19,3878.227,OK
2025-12-19,15.974376983767216,2026-01-16,2026-02-24,28.0,67.0,0.0255134025064418,0.0255541734746951,24.0,22.0,OK,3878.227,3890.448,0.0036314893491875555,-0.003166950564824078,3865.9659999999994,3882.6590000000006,3876.371,3865.7455999999997,False,False,False,False,False,False,False,False,False,,,,2025-12-22,3900.535,OK
2025-12-22,15.579665857468829,2026-01-16,2026-02-24,25.0,64.0,0.0242482604208467,0.0243372477038585,24.0,22.0,OK,3900.535,3917.364,0.006918483424017019,-0.0017109751641022353,3875.8546,3881.9875999999995,3890.448,3865.9659999999994,False,False,False,False,False,False,False,False,False,,,,2025-12-23,3919.106,OK
2025-12-23,15.364492149475431,2026-01-16,2026-02-24,24.0,63.0,0.0234147057664884,0.0240091652308527,24.0,22.0,OK,3919.106,3919.979,0.0006675407238132536,0.002674751542515841,3894.888,3883.0333,3917.364,3875.8546,False,False,False,False,False,False,False,False,False,,,,2025-12-24,3920.347,OK
2025-12-24,16.263935390512117,2026-01-16,2026-02-24,23.0,62.0,0.026858019112583,0.0257622637704814,24.0,22.0,OK,3920.347,3940.947,0.005349008247238052,0.010370732337630972,3909.0218,3887.0784,3919.979,3894.888,False,False,False,False,False,False,False,False,False,,,,2025-12-25,3937.72,OK
2025-12-25,15.89382420097995,2026-01-16,2026-02-24,22.0,61.0,0.0258486724041774,0.0244405782888416,24.0,22.0,OK,3937.72,3959.621,0.004738454995715458,0.022281413506456182,3925.6718,3895.7087,3940.947,3909.0218,False,False,False,False,False,False,False,False,False,,,,2025-12-26,3957.833,OK
2025-12-26,16.082433565675895,2026-01-16,2026-02-24,21.0,60.0,0.0257377814478484,0.0260122666796254,24.0,23.0,OK,3957.833,3963.679,0.0010248455597139383,0.019111953526376846,3940.318,3903.142,3959.621,3925.6718,False,False,False,False,False,False,False,False,False,,,,2025-12-29,3964.651,OK
2025-12-29,16.515171871345014,2026-01-16,2026-02-24,18.0,57.0,0.0270569252336331,0.027430102139535,24.0,23.0,OK,3964.651,3965.28,0.00040391767345449026,0.025170886375394108,3949.9012000000002,3912.8778999999995,3963.679,3940.318,False,False,False,False,False,False,False,False,False,,,,2025-12-30,3947.871,OK
2025-12-30,16.8019760497646,2026-01-16,2026-02-24,17.0,56.0,0.028153452763582,0.0282775035469639,24.0,23.0,OK,3947.871,3965.116,-4.1358996086038324e-05,0.03668258727487794,3958.9286,3926.9083,3965.28,3949.9012000000002,False,False,False,False,False,False,False,False,False,,,,2025-12-31,3968.726,OK
2025-12-31,16.741253956662767,2026-01-16,2026-02-24,16.0,55.0,0.0275955671750283,0.0282510577439499,24.0,22.0,OK,3968.726,3968.84,0.000939190681937152,0.02546638768584586,3964.5072,3936.7645,3965.116,3958.9286,False,False,False,False,False,False,False,False,False,,,,2026-01-05,3986.972,OK
2026-01-05,16.724019273205464,2026-01-16,2026-02-24,11.0,50.0,0.0314983473597521,0.0271520248389143,24.0,23.0,OK,3986.972,4023.417,0.013751373197206096,0.03793393356827801,3977.2664000000004,3951.4691,3968.84,3964.5072,False,False,False,False,False,False,False,False,False,,,,2026-01-06,4026.016,OK
2026-01-06,17.6878831889895,2026-01-16,2026-02-24,10.0,49.0,0.0399154401761159,0.0296130899349963,24.0,23.0,OK,4026.016,4083.667,0.014974833580511326,0.04966497431658268,4001.264,3970.7909999999997,4023.417,3977.2664000000004,False,False,False,False,False,False,False,False,False,,,,2026-01-07,4083.843,OK
2026-01-07,17.919665057287524,2026-01-16,2026-02-24,9.0,48.0,0.0358303027658961,0.0315137651353901,24.0,24.0,OK,4083.843,4085.772,0.0005154680829755343,0.042990133160972555,4025.3624000000004,3987.6318000000006,4083.667,4001.264,False,False,False,False,False,False,False,False,False,,,,2026-01-08,4077.715,OK
2026-01-08,18.029160603153294,2026-01-16,2026-02-24,8.0,47.0,0.035731094603581,0.0320807495979356,24.0,24.0,OK,4077.715,4082.979,-0.0006835917422705062,0.04158185541300097,4048.935,4003.9318000000007,4085.772,4025.3624000000004,False,False,False,False,False,False,False,False,False,,,,2026-01-09,4086.762,OK
2026-01-09,18.643500369035102,2026-01-16,2026-02-24,7.0,46.0,0.0356191709708608,0.0346668480665958,24.0,24.0,OK,4086.762,4120.426,0.009171489738252436,0.04554209939895171,4079.2522,4021.8797,4082.979,4048.935,False,False,False,False,False,False,False,False,False,,,,2026-01-12,4134.893,OK
2026-01-12,21.284726051360465,2026-02-24,2026-02-24,43.0,43.0,0.0453039563081462,0.0453039563081462,24.0,24.0,WARN_NOT_BRACKET_30D,4134.893,4165.287,0.010887466490115294,0.051940829690518386,4107.626200000001,4042.4462999999996,4120.426,4079.2522,False,False,False,False,False,False,False,False,False,,,,2026-01-13,4169.704,WARN_NOT_BRACKET_30D
2026-01-13,20.773974030488,2026-02-24,2026-02-24,42.0,42.0,0.0431557997019389,0.0431557997019389,24.0,24.0,WARN_NOT_BRACKET_30D,4169.704,4138.759,-0.006368828846607721,0.04417108448993967,4118.6446000000005,4059.9543000000003,4165.287,4107.626200000001,False,False,False,False,False,False,False,False,False,,,,2026-01-14,4138.645,WARN_NOT_BRACKET_30D
2026-01-14,20.385379976925293,2026-02-24,2026-02-24,41.0,41.0,0.0415563716803626,0.0415563716803626,24.0,24.0,WARN_NOT_BRACKET_30D,4138.645,4126.093,-0.0030603376519386938,0.04055526974135493,4126.7088,4076.0356,4138.759,4118.6446000000005,False,False,False,False,False,False,False,False,False,,,,2026-01-15,4106.224,WARN_NOT_BRACKET_30D
2026-01-15,18.653821880685296,2026-02-24,2026-02-24,40.0,40.0,0.0347965070756333,0.0347965070756333,24.0,24.0,WARN_NOT_BRACKET_30D,4106.224,4112.601,-0.0032699214486925365,0.037195633116408056,4132.6332,4090.7841,4126.093,4126.7088,False,False,False,False,False,False,False,False,False,,,,2026-01-16,4127.063,WARN_NOT_BRACKET_30D
2026-01-16,18.203548321451777,2026-02-24,2026-02-24,39.0,39.0,0.0331369171491429,0.0331369171491429,24.0,24.0,WARN_NOT_BRACKET_30D,4127.063,4101.913,-0.0025988419494135107,0.03352944437165495,4128.9306,4104.091399999999,4112.601,4132.6332,False,False,False,False,False,False,False,False,False,,,,2026-01-19,4090.719,WARN_NOT_BRACKET_30D
2026-01-19,16.14255231968898,2026-02-24,2026-02-24,36.0,36.0,0.0260581995393896,0.0260581995393896,24.0,24.0,WARN_NOT_BRACKET_30D,4090.719,4114.0,0.0029466739055656888,0.02251394772155102,4118.6732,4113.1497,4101.913,4128.9306,False,False,False,False,False,False,False,False,False,,,,2026-01-20,4116.366,WARN_NOT_BRACKET_30D
2026-01-20,15.281350047393852,2026-02-24,2026-02-24,35.0,35.0,0.0233519659270984,0.0233519659270984,24.0,24.0,WARN_NOT_BRACKET_30D,4116.366,4113.649,-8.531842489056807e-05,0.007341930671624475,4113.6512,4116.1479,4114.0,4118.6732,False,False,False,False,False,False,False,False,False,,,,2026-01-21,4103.529,WARN_NOT_BRACKET_30D
2026-01-21,15.309390497745213,2026-02-24,2026-02-24,34.0,34.0,0.0234377437412451,0.0234377437412451,24.0,24.0,WARN_NOT_BRACKET_30D,4103.529,4116.94,0.00080001964192844,0.007628423710378307,4111.8206,4119.2647,4113.649,4113.6512,False,False,False,False,False,False,False,False,False,,,,2026-01-22,4126.072,WARN_NOT_BRACKET_30D
2026-01-22,15.335522609147642,2026-02-24,2026-02-24,33.0,33.0,0.0235178253695678,0.0235178253695678,24.0,24.0,WARN_NOT_BRACKET_30D,4126.072,4122.576,0.0013689779302104021,0.009698066044425024,4113.8156,4123.2244,4116.94,4111.8206,False,False,False,False,False,False,False,False,False,,,,2026-01-23,4130.108,WARN_NOT_BRACKET_30D
2026-01-23,17.327251246283986,2026-02-24,2026-02-24,32.0,32.0,0.0300233635751849,0.0300233635751849,24.0,24.0,WARN_NOT_BRACKET_30D,4130.108,4136.164,0.003295997454018984,0.003819507982912196,4120.6658,4124.798199999999,4122.576,4113.8156,False,False,False,False,False,False,False,False,False,,,,2026-01-26,4144.778,WARN_NOT_BRACKET_30D
2026-01-26,18.84725326379305,2026-02-24,2026-03-20,29.0,53.0,0.0345414298706321,0.0478609637497451,24.0,29.0,OK,4144.778,4132.605,-0.0008604591113892113,-0.00784627805959126,4124.386799999999,4121.530000000001,4136.164,4120.6658,False,False,False,False,False,False,False,False,False,,,,2026-01-27,4125.216,OK
2026-01-27,18.27244190892207,2026-02-24,2026-03-20,28.0,52.0,0.0313939868728351,0.04520017004816,24.0,29.0,OK,4125.216,4139.904,0.0017661983180103924,0.00027665297737811123,4129.6377999999995,4121.644499999999,4132.605,4124.386799999999,False,False,False,False,False,False,False,False,False,,,,2026-01-28,4150.215,OK
2026-01-28,18.828222793108186,2026-02-24,2026-03-20,27.0,51.0,0.0329731303570108,0.0446299162284508,24.0,29.0,OK,4150.215,4151.238,0.0027377446433540786,0.0060941428125833585,4136.4974,4124.159000000001,4139.904,4129.6377999999995,False,False,False,False,False,False,False,False,False,,,,2026-01-29,4155.919,OK
2026-01-29,18.946205735451883,2026-02-24,2026-03-20,26.0,50.0,0.0323642542446995,0.0450780752010061,24.0,28.0,OK,4155.919,4157.985,0.0016252982845115227,0.011035352080106975,4143.579199999999,4128.6974,4151.238,4136.4974,False,False,False,False,False,False,False,False,False,,,,2026-01-30,4131.993,OK
2026-01-30,19.35579554611692,2026-02-24,2026-03-20,25.0,49.0,0.0323421793071988,0.0473960651311928,24.0,29.0,OK,4131.993,4117.948,-0.009628942865354095,0.0039091516568003915,4139.936,4130.3009,4157.985,4143.579199999999,False,False,False,False,False,False,False,False,False,,,,2026-02-02,4079.708,OK
2026-02-02,24.27025766741922,2026-02-24,2026-03-20,22.0,46.0,0.0517877961421059,0.0657118616289919,24.0,29.0,OK,4079.708,4015.746,-0.02481867182392794,-0.023882839086047603,4116.564200000001,4120.4755,4117.948,4139.936,False,False,False,False,False,False,False,False,False,,,,2026-02-03,4043.906,OK
2026-02-03,20.88249300034165,2026-02-24,2026-03-20,21.0,45.0,0.034961549829641,0.0503327526052691,24.0,29.0,OK,4043.906,4067.738,0.012947034000656332,-0.011160650799326932,4102.130999999999,4115.884400000001,4015.746,4116.564200000001,False,False,False,False,False,False,False,False,False,,,,2026-02-04,4064.677,OK
2026-02-04,19.10005806074171,2026-02-24,2026-03-20,20.0,44.0,0.0272801299269853,0.0423364620703427,24.0,29.0,OK,4064.677,4102.202,0.008472522074922217,-0.0035798432816604997,4092.3237999999997,4114.4106,4067.738,4102.130999999999,False,False,False,False,False,False,False,False,False,,,,2026-02-05,4075.025,OK
2026-02-05,18.8471134194452,2026-02-24,2026-03-20,19.0,43.0,0.024312435669845,0.041374658890527,24.0,29.0,OK,4075.025,4075.917,-0.0064075342949957426,-0.011317923550712039,4075.9102,4109.7447,4102.202,4092.3237999999997,False,False,False,False,False,False,False,False,False,,,,2026-02-06,4040.299,OK
2026-02-06,18.930951761730345,2026-02-24,2026-03-20,18.0,42.0,0.0244740962339951,0.0407083779861393,24.0,29.0,OK,4040.299,4065.583,-0.0025353803818870535,-0.017064362051407933,4065.4372000000003,4102.6866,4075.917,4075.9102,False,False,False,False,False,False,False,False,False,,,,2026-02-09,4103.54,OK
2026-02-09,18.751640472455115,2026-02-24,2026-03-20,15.0,39.0,0.0218642081112672,0.038231216024565,24.0,29.0,OK,4103.54,4123.09,0.0141448348244273,-0.002302421838041524,4086.906,4101.7351,4065.583,4065.4372000000003,False,False,False,False,False,False,False,False,False,,,,2026-02-10,4127.766,OK
2026-02-10,17.708832264912473,2026-02-24,2026-03-20,14.0,38.0,0.0171543050456103,0.0339771630400355,24.0,29.0,OK,4127.766,4128.373,0.0012813205629755853,-0.002785330287852328,4099.033,4100.582,4123.09,4086.906,False,False,False,False,False,False,False,False,False,,,,2026-02-11,4124.428,OK
2026-02-11,17.537059131935983,2026-02-24,2026-03-20,13.0,37.0,0.0156627315614235,0.0329382819136658,24.0,29.0,OK,4124.428,4131.985,0.0008749209434322225,-0.004637893563317896,4104.9896,4098.6567,4128.373,4099.033,False,False,False,False,False,False,False,False,False,,,,2026-02-12,4136.99,OK
2026-02-12,17.578714903803238,2026-02-24,2026-03-20,12.0,36.0,0.0156313974992313,0.0325977577966625,24.0,29.0,OK,4136.99,4134.018,0.0004920153388747739,-0.005764090058044902,4116.6098,4096.26,4131.985,4104.9896,False,False,False,False,False,False,False,False,False,,,,2026-02-13,4115.924,OK
2026-02-13,19.510517305009948,2026-02-24,2026-03-20,11.0,35.0,0.0263954807962124,0.0390312618238541,24.0,29.0,OK,4115.924,4082.073,-0.012565257335599433,-0.008711863287249044,4119.9078,4092.6724999999997,4134.018,4116.6098,False,False,False,False,False,False,False,False,False,,,,2026-02-24,4129.134,OK
2026-02-24,17.71725067033997,2026-03-20,2026-04-17,24.0,52.0,0.0329016836201909,0.0288320276892782,29.0,22.0,OK,4129.134,4117.409,0.008656386105784897,0.025316093199121648,4118.7716,4102.8387999999995,4082.073,4119.9078,False,False,False,False,False,False,False,False,False,,,,2026-02-25,4123.781,OK
2026-02-25,16.579357753435726,2026-03-20,2026-04-17,23.0,51.0,0.0282487315118429,0.0264576228996029,29.0,22.0,OK,4123.781,4147.231,0.007242904457633426,0.019542310738793978,4122.5432,4110.7881,4117.409,4118.7716,False,False,False,False,False,False,False,False,False,,,,2026-02-26,4151.068,OK
2026-02-26,15.652626681370208,2026-03-20,2026-04-17,22.0,50.0,0.0245999576509815,0.0243910382094521,28.0,22.0,OK,4151.068,4146.631,-0.00014467484449254275,0.010830524679184439,4125.4724,4115.231,4147.231,4122.5432,False,False,False,False,False,False,False,False,False,,,,2026-02-27,4128.897,OK
2026-02-27,15.62837413193489,2026-03-20,2026-04-17,21.0,49.0,0.0243504216125907,0.0244917286377001,29.0,22.0,OK,4128.897,4162.882,0.003919085156118163,0.021336302971821874,4131.245199999999,4123.9275,4146.631,4125.4724,False,False,False,False,False,False,False,False,False,,,,2026-03-02,4151.801,OK
2026-03-02,16.248305381925828,2026-03-20,2026-04-17,18.0,46.0,0.0270201734659529,0.0260775615501601,29.0,22.0,OK,4151.801,4182.591,0.0047344604050754135,0.02878012821285414,4151.3488,4135.628299999999,4162.882,4131.245199999999,False,False,False,False,False,False,False,False,False,,,,2026-03-03,4189.408,OK
2026-03-03,18.275178460230027,2026-03-20,2026-04-17,17.0,45.0,0.0395812852699133,0.0307030302007616,29.0,22.0,OK,4189.408,4122.676,-0.014324852704938107,-0.0001004101292961801,4152.4021999999995,4135.5869,4182.591,4151.3488,False,False,False,False,False,False,False,False,False,,,,2026-03-04,4087.632,OK
2026-03-04,19.096274497221504,2026-03-20,2026-04-17,16.0,44.0,0.044405629067398,0.0335799121127505,29.0,22.0,OK,4087.632,4082.474,-0.009751433292356726,-0.011117939197838766,4139.4508000000005,4130.996999999999,4122.676,4152.4021999999995,False,False,False,False,False,False,False,False,False,,,,2026-03-05,4109.777,OK
2026-03-05,16.88354074468135,2026-03-20,2026-04-17,15.0,43.0,0.0308940141094371,0.0277832540886112,29.0,22.0,OK,4109.777,4108.567,0.006391467526798644,-0.005667493952664304,4131.838000000001,4128.6552,4082.474,4139.4508000000005,False,False,False,False,False,False,False,False,False,,,,2026-03-06,4085.895,OK
2026-03-06,16.23696773747614,2026-03-20,2026-04-17,14.0,42.0,0.0271583708615407,0.0261652974480949,28.0,22.0,OK,4085.895,4124.194,0.0038035159217313375,-0.0023763805576075825,4124.1004,4127.6728,4108.567,4131.838000000001,False,False,False,False,False,False,False,False,False,,,,2026-03-09,4098.699,OK
2026-03-09,18.539531843618544,2026-03-20,2026-04-17,11.0,39.0,0.0443267122957788,0.0330413653509902,29.0,22.0,OK,4098.699,4096.602,-0.006690276936536121,0.003559221013440972,4106.902599999999,4129.1257000000005,4124.194,4124.1004,False,False,False,False,False,False,False,False,False,,,,2026-03-10,4098.587,OK
2026-03-10,17.357926019481585,2026-03-20,2026-04-17,10.0,38.0,0.0328110964202925,0.029847513585515,29.0,22.0,OK,4098.587,4123.138,0.00647756360027163,0.0013914090147468805,4106.995,4129.698600000001,4096.602,4106.902599999999,False,False,False,False,False,False,False,False,False,,,,2026-03-11,4123.666,OK
2026-03-11,17.166760780814673,2026-03-20,2026-04-17,9.0,37.0,0.0336742276208517,0.0291288654043327,28.0,22.0,OK,4123.666,4133.433,0.0024968846543580447,-0.0033270391738486893,4117.1867999999995,4128.3188,4123.138,4106.995,False,False,False,False,False,False,False,False,False,,,,2026-03-12,4133.2,OK
2026-03-12,17.88153143244415,2026-03-20,2026-04-17,8.0,36.0,0.0369658987817751,0.0316724328705957,29.0,22.0,OK,4133.2,4129.103,-0.001047555385559673,-0.004227046004334656,4121.294,4126.566000000001,4133.433,4117.1867999999995,False,False,False,False,False,False,False,False,False,,,,2026-03-13,4117.574,OK
2026-03-13,18.893809239538108,2026-03-20,2026-04-17,7.0,35.0,0.0416985845719824,0.0354366905052239,29.0,22.0,OK,4117.574,4095.449,-0.008150438485065692,-0.016198633542819474,4115.545,4119.822700000001,4129.103,4121.294,False,False,False,False,False,False,False,False,False,,,,2026-03-16,4092.249,OK
2026-03-16,18.285089404599933,2026-04-17,2026-04-17,32.0,32.0,0.0334344494534212,0.0334344494534212,22.0,22.0,WARN_NOT_BRACKET_30D,4092.249,4084.786,-0.0026036217274345574,-0.023383830740323464,4113.1818,4110.042200000001,4095.449,4115.545,False,False,False,False,False,False,False,False,False,,,,2026-03-17,4086.295,WARN_NOT_BRACKET_30D
2026-03-17,18.13309520187236,2026-04-17,2026-04-17,31.0,31.0,0.0328809141600166,0.0328809141600166,22.0,22.0,WARN_NOT_BRACKET_30D,4086.295,4049.907,-0.008538758211568465,-0.017650914115006855,4098.535600000001,4102.7653,4084.786,4113.1818,False,False,False,False,False,False,False,False,False,,,,2026-03-18,4053.305,WARN_NOT_BRACKET_30D
2026-03-18,17.707946502514186,2026-04-17,2026-04-17,30.0,30.0,0.0313571369335904,0.0313571369335904,22.0,22.0,OK,4053.305,4062.984,0.0032289630354473964,-0.004774065921791637,4084.4458,4100.8163,4049.907,4098.535600000001,False,False,False,False,False,False,False,False,False,,,,2026-03-19,4028.542,OK
2026-03-19,19.17105710809589,2026-04-17,2026-05-15,29.0,57.0,0.0367461452051486,0.0368463241804566,22.0,22.0,OK,4028.542,4006.552,-0.013889299096427554,-0.02482982509473497,4059.9356,4090.6148000000003,4062.984,4084.4458,False,False,False,False,False,False,False,False,False,,,,2026-03-20,4004.573,OK
2026-03-20,19.81368346004108,2026-04-17,2026-05-15,28.0,56.0,0.0395982161073938,0.0370481344929689,22.0,22.0,OK,4004.573,3957.053,-0.01235451330720283,-0.04052694902325171,4032.2563999999998,4073.9006999999997,4006.552,4059.9356,False,False,False,False,False,False,False,False,False,,,,2026-03-23,3904.951,OK
2026-03-23,25.119434429285885,2026-04-17,2026-05-15,25.0,53.0,0.0674639030289793,0.0536267116464192,22.0,22.0,OK,3904.951,3813.283,-0.03633259397839761,-0.0691595131770184,3977.9557999999997,4045.5687999999996,3957.053,4032.2563999999998,False,False,False,False,False,False,False,False,False,,,,2026-03-24,3849.631,OK
2026-03-24,20.853752228506544,2026-04-17,2026-05-15,24.0,52.0,0.0459776184959135,0.039274525393669,25.0,25.0,OK,3849.631,3881.28,0.01783161648374909,-0.058658720615220705,3944.2304000000004,4021.3830000000003,3813.283,3977.9557999999997,False,False,False,False,False,False,False,False,False,,,,2026-03-25,3892.269,OK
2026-03-25,18.694288337958643,2026-04-17,2026-05-15,23.0,51.0,0.0366299033151282,0.032671640564882,25.0,25.0,OK,3892.269,3931.838,0.013026115096050894,-0.048771807841085035,3918.0012,4001.2235,3881.28,3944.2304000000004,False,False,False,False,False,False,False,False,False,,,,2026-03-26,3924.962,OK
2026-03-26,19.714600371173105,2026-04-17,2026-05-15,22.0,50.0,0.0410315303877008,0.0364850648104913,25.0,25.0,OK,3924.962,3889.084,-0.010873794902028111,-0.05812860565599842,3894.5076,3977.2216,3931.838,3918.0012,False,False,False,False,False,False,False,False,False,,,,2026-03-27,3852.094,OK
2026-03-27,19.18731715738464,2026-04-17,2026-05-15,21.0,49.0,0.037675928917603,0.0360366623503719,25.0,25.0,OK,3852.094,3913.724,0.006335682129776643,-0.04437242412248321,3885.8418000000006,3959.0490999999993,3889.084,3894.5076,False,False,False,False,False,False,False,False,False,,,,2026-03-30,3884.277,OK
2026-03-30,20.105595104809108,2026-04-17,2026-05-15,18.0,46.0,0.0424710687586113,0.0393551963352824,25.0,25.0,OK,3884.277,3923.287,0.0024434528341803485,-0.03953671012385962,3907.8426,3942.8992,3913.724,3885.8418000000006,False,False,False,False,False,False,False,False,False,,,,2026-03-31,3924.067,OK
2026-03-31,19.81223854370591,2026-04-17,2026-05-15,17.0,45.0,0.0420637541588614,0.038027052244372,25.0,25.0,OK,3924.067,3891.861,-0.008010120085530259,-0.03902459982414419,3909.9588000000003,3927.0945999999994,3923.287,3907.8426,False,False,False,False,False,False,False,False,False,,,,2026-04-01,3939.566,OK
2026-04-01,18.279778607788767,2026-04-17,2026-05-15,16.0,44.0,0.0352358281607578,0.0327529223892387,25.0,25.0,OK,3939.566,3948.552,0.01456655312201538,-0.02816452144532189,3913.3016000000002,3915.6514,3891.861,3909.9588000000003,False,False,False,False,False,False,False,False,False,,,,2026-04-02,3940.799,OK
2026-04-02,19.122683353799395,2026-04-17,2026-05-15,15.0,43.0,0.0407753318899724,0.0352956276713615,25.0,25.0,OK,3940.799,3919.285,-0.007412084227331972,-0.021781072603076268,3919.3417999999997,3906.9246999999996,3948.552,3913.3016000000002,False,False,False,False,False,False,False,False,False,,,,2026-04-03,3927.592,OK
2026-04-03,19.799651600974546,2026-04-17,2026-05-15,14.0,42.0,0.0472576326226154,0.0371888672843428,25.0,25.0,OK,3927.592,3880.097,-0.009998762529389804,-0.019447806233578335,3912.6164,3899.2290999999996,3919.285,3919.3417999999997,False,False,False,False,False,False,False,False,False,,,,2026-04-07,3884.151,OK
2026-04-07,19.254888418729514,2026-04-17,2026-05-15,10.0,38.0,0.0470486282550848,0.0360252248593184,25.0,25.0,OK,3884.151,3890.165,0.002594780491312454,0.0201616297557774,3905.9919999999997,3906.9173,3880.097,3912.6164,False,False,False,False,False,False,False,False,False,,,,2026-04-08,3930.251,OK
2026-04-08,17.786469314697978,2026-04-17,2026-05-15,9.0,37.0,0.0366246670054873,0.0312313503166029,25.0,25.0,OK,3930.251,3994.998,0.026948214278828875,0.029299097205045754,3926.6194000000005,3918.2890999999995,3890.165,3905.9919999999997,False,False,False,False,False,False,False,False,False,,,,2026-04-09,3967.63,OK
2026-04-09,16.88388974056228,2026-04-17,2026-05-15,8.0,36.0,0.0316095952030432,0.0283185113422435,25.0,25.0,OK,3967.63,3966.171,-0.007215773324542374,0.00873204847198683,3930.1432,3921.7224,3994.998,3926.6194000000005,False,False,False,False,False,False,False,False,False,,,,2026-04-10,3985.464,OK
2026-04-10,17.489113016900042,2026-04-17,2026-05-15,7.0,35.0,0.0350182251949722,0.0303942414212171,25.0,25.0,OK,3985.464,3986.225,0.005056262072411943,0.02497786111073963,3943.5312000000004,3931.4365,3966.171,3930.1432,False,False,False,False,False,False,False,False,False,,,,2026-04-13,3971.199,OK
2026-04-13,17.690454507825166,2026-05-15,2026-05-15,32.0,32.0,0.0312952180693431,0.0312952180693431,25.0,25.0,WARN_NOT_BRACKET_30D,3971.199,3988.558,0.0005852655080935687,0.019120919104157474,3965.2234,3938.9199,3986.225,3943.5312000000004,False,False,False,False,False,False,False,False,False,,,,2026-04-14,4006.727,WARN_NOT_BRACKET_30D
2026-04-14,18.069616667822874,2026-05-15,2026-05-15,31.0,31.0,0.0326511046522062,0.0326511046522062,25.0,25.0,WARN_NOT_BRACKET_30D,4006.727,4026.626,0.009544301474367467,0.026339903249494645,3992.5156,3949.2538,3988.558,3965.2234,False,False,False,False,False,False,False,False,False,,,,2026-04-15,4039.471,WARN_NOT_BRACKET_30D
2026-04-15,17.854689301087177,2026-05-15,2026-05-15,30.0,30.0,0.0318789930038356,0.0318789930038356,25.0,25.0,OK,4039.471,4027.21,0.00014503457733594516,0.03477744965711782,3998.958,3962.7887,4026.626,3992.5156,False,False,False,False,False,False,False,False,False,,,,2026-04-16,4030.138,OK
2026-04-16,17.9366880065765,2026-05-15,2026-06-22,29.0,67.0,0.0319296573106505,0.0360612275109289,25.0,29.0,OK,4030.138,4055.547,0.007036384991098155,0.027097275153018074,4016.8332,3973.4882,4027.21,3998.958,False,False,False,False,False,False,False,False,False,,,,2026-04-17,4043.381,OK
2026-04-17,17.71578238651495,2026-05-15,2026-06-22,28.0,66.0,0.030847775689058,0.035486529545407,25.0,30.0,OK,4043.381,4051.425,-0.0010163857057999826,0.033715333281453264,4029.8732000000005,3986.7022000000006,4055.547,4016.8332,False,False,False,False,False,False,False,False,False,,,,2026-04-20,4053.375,OK
2026-04-20,17.740867902353283,2026-05-15,2026-06-22,25.0,63.0,0.0301866460488359,0.034845060055834,25.0,30.0,OK,4053.375,4082.127,0.007578074381236144,0.05206828592171786,4048.5869999999995,4006.9052,4051.425,4029.8732000000005,False,False,False,False,False,False,False,False,False,,,,2026-04-21,4075.845,OK
2026-04-21,17.508714402684287,2026-05-15,2026-06-22,24.0,62.0,0.0294123918805348,0.0332219412895493,25.0,30.0,OK,4075.845,4085.077,0.0007226624747345145,0.05010378737148691,4060.2771999999995,4026.3964,4082.127,4048.5869999999995,False,False,False,False,False,False,False,False,False,,,,2026-04-22,4074.813,OK
2026-04-22,17.470983515561084,2026-05-15,2026-06-22,23.0,61.0,0.0296657826484418,0.0319557779432688,25.0,30.0,OK,4074.813,4106.258,0.00518496958564052,0.027849826207672734,4076.0868,4037.5224000000003,4085.077,4060.2771999999995,False,False,False,False,False,False,False,False,False,,,,2026-04-23,4110.788,OK
2026-04-23,17.177130202654247,2026-05-15,2026-06-22,22.0,60.0,0.027655594968934,0.0320488348924631,25.0,30.0,OK,4110.788,4093.25,-0.0031678477095203883,0.03204072643363087,4083.6274,4050.2303,4106.258,4076.0868,False,False,False,False,False,False,False,False,False,,,,2026-04-24,4081.033,OK
2026-04-24,16.990158247797478,2026-05-15,2026-06-22,21.0,59.0,0.0260957834762221,0.0320443168992346,25.0,30.0,OK,4081.033,4079.9,-0.003261467049410549,0.023499677012712494,4089.3224,4059.5978000000005,4093.25,4083.6274,False,False,False,False,False,False,False,False,False,,,,2026-04-27,4074.811,OK
2026-04-27,16.883223371833427,2026-05-15,2026-06-22,18.0,56.0,0.0251371823180513,0.030849296216368,25.0,30.0,OK,4074.811,4086.344,0.001579450476727251,0.0245166298195989,4090.1658,4069.3764,4079.9,4089.3224,False,False,False,False,False,False,False,False,False,,,,2026-04-28,4076.143,OK
2026-04-28,16.599505273216046,2026-05-15,2026-06-22,17.0,55.0,0.0240295762122527,0.0296495072668009,25.0,30.0,OK,4076.143,4078.637,-0.0018860379840757169,0.012916769523665605,4088.8777999999998,4074.5775000000003,4086.344,4090.1658,False,False,False,False,False,False,False,False,False,,,,2026-04-29,4061.822,OK
2026-04-29,16.270050778889566,2026-05-15,2026-06-22,16.0,54.0,0.0243067280503196,0.0275709992014666,25.0,30.0,OK,4061.822,4107.514,0.007080061304793661,0.01994035573014563,4089.129,4082.6079,4078.637,4088.8777999999998,False,False,False,False,False,False,False,False,False,,,,2026-04-30,4107.297,OK
2026-04-30,16.957528593188623,2026-05-15,2026-06-22,15.0,53.0,0.0263727717579941,0.0297899122090771,25.0,30.0,OK,4107.297,4112.159,0.0011308543318415687,0.013959152735746772,4092.9108,4088.2691,4107.514,4089.129,False,False,False,False,False,False,False,False,False,,,,2026-05-06,4135.451,OK
2026-05-06,17.752104786142983,2026-05-15,2026-06-22,9.0,47.0,0.0322748216713257,0.0313957404851489,25.0,30.0,OK,4135.451,4160.174,0.011676348117862334,0.02684216047440091,4108.9656,4099.144,4112.159,4092.9108,False,False,False,False,False,False,False,False,False,,,,2026-05-07,4168.447,OK
2026-05-07,18.232872000499885,2026-05-15,2026-06-22,8.0,46.0,0.0341387103176558,0.033130567112069,26.0,30.0,OK,4168.447,4180.092,0.004787780511103623,0.02399851841944156,4127.7152,4108.9405,4160.174,4108.9656,False,False,False,False,False,False,False,False,False,,,,2026-05-08,4163.854,OK
2026-05-08,18.003615544530767,2026-05-15,2026-06-22,7.0,45.0,0.0306068186313325,0.0325962548103293,26.0,30.0,OK,4163.854,4179.952,-3.349208581993057e-05,0.02322477642404297,4147.9782,4118.428,4180.092,4127.7152,False,False,False,False,False,False,False,False,False,,,,2026-05-11,4201.347,OK
2026-05-11,19.648244495153538,2026-06-22,2026-06-22,42.0,42.0,0.0386053511741331,0.0386053511741331,30.0,30.0,WARN_NOT_BRACKET_30D,4201.347,4225.021,0.010782181230789112,0.028922439846692516,4171.479600000001,4130.3043,4179.952,4147.9782,False,False,False,False,False,False,False,False,False,,,,2026-05-12,4229.283,WARN_NOT_BRACKET_30D
2026-05-12,19.88571698972566,2026-06-22,2026-06-22,41.0,41.0,0.0395441740195463,0.0395441740195463,30.0,30.0,WARN_NOT_BRACKET_30D,4229.283,4214.489,-0.0024927686749959266,0.029619251206254082,4191.9456,4142.4282,4225.021,4171.479600000001,False,False,False,False,False,False,False,False,False,,,,2026-05-13,4192.315,WARN_NOT_BRACKET_30D
2026-05-13,19.673761990638454,2026-06-22,2026-06-22,40.0,40.0,0.038705691086429,0.038705691086429,31.0,31.0,WARN_NOT_BRACKET_30D,4192.315,4242.572,0.006663441285527316,0.03987156547954607,4208.4252,4158.6954,4214.489,4191.9456,False,False,False,False,False,False,False,False,False,,,,2026-05-14,4256.157,WARN_NOT_BRACKET_30D
2026-05-14,18.718149831078144,2026-06-22,2026-06-22,39.0,39.0,0.035036913309869,0.035036913309869,31.0,31.0,WARN_NOT_BRACKET_30D,4256.157,4177.918,-0.015239340664106704,0.02240976285892704,4207.990400000001,4167.8528,4242.572,4208.4252,False,False,False,False,False,False,False,False,False,,,,2026-05-15,4174.175,WARN_NOT_BRACKET_30D
2026-05-15,19.181058784423367,2026-06-22,2026-06-22,38.0,38.0,0.0367913016091504,0.0367913016091504,31.0,31.0,WARN_NOT_BRACKET_30D,4174.175,4135.389,-0.010179472167715975,0.013914452303551483,4199.0778,4173.528,4177.918,4207.990400000001,False,False,False,False,False,False,False,False,False,,,,2026-05-18,4120.14,WARN_NOT_BRACKET_30D
2026-05-18,19.0616123208427,2026-06-22,2026-06-22,35.0,35.0,0.0363345064270102,0.0363345064270102,31.0,31.0,WARN_NOT_BRACKET_30D,4120.14,4131.528,-0.000933648563653855,0.005846358649051586,4180.3792,4175.9294,4135.389,4199.0778,False,False,False,False,False,False,False,False,False,,,,2026-05-19,4122.961,WARN_NOT_BRACKET_30D
2026-05-19,18.61685436326518,2026-06-22,2026-06-22,34.0,34.0,0.0346587266383025,0.0346587266383025,31.0,31.0,WARN_NOT_BRACKET_30D,4122.961,4169.538,0.009199986058426646,0.013953497420698069,4171.389,4181.6673,4131.528,4180.3792,False,False,False,False,False,False,False,False,False,,,,2026-05-20,4152.698,WARN_NOT_BRACKET_30D
2026-05-20,17.74477064244654,2026-06-22,2026-06-22,33.0,33.0,0.0314876885153032,0.0314876885153032,31.0,31.0,WARN_NOT_BRACKET_30D,4152.698,4162.185,-0.001763504733617749,0.0004833932426866472,4155.3116,4181.868399999999,4169.538,4171.389,False,False,False,False,False,False,False,False,False,,,,2026-05-21,4174.377,WARN_NOT_BRACKET_30D
2026-05-21,18.30143615773416,2026-06-22,2026-06-22,32.0,32.0,0.0334942565435619,0.0334942565435619,31.0,31.0,WARN_NOT_BRACKET_30D,4174.377,4077.277,-0.020399862091665888,-0.024596348597112128,4135.1834,4171.5869,4162.185,4155.3116,False,False,False,False,False,False,False,False,False,,,,2026-05-22,4096.172,WARN_NOT_BRACKET_30D
2026-05-22,17.90159566296566,2026-06-22,2026-06-22,31.0,31.0,0.0320467127280311,0.0320467127280311,31.0,31.0,WARN_NOT_BRACKET_30D,4096.172,4112.9,0.008736958514224069,-0.016041332532048314,4130.6856,4164.8817,4077.277,4135.1834,False,False,False,False,False,False,False,False,False,,,,2026-05-25,4126.338,WARN_NOT_BRACKET_30D
2026-05-25,18.27530943843792,2026-06-22,2026-07-17,28.0,53.0,0.0331602265223928,0.0348474929233805,31.0,21.0,OK,4126.338,4152.569,0.009645019329427074,-0.01714831713262477,4134.8938,4157.6365,4112.9,4130.6856,False,False,False,False,False,False,False,False,False,,,,2026-05-26,4137.32,OK
2026-05-26,18.936477280444024,2026-06-22,2026-07-17,27.0,52.0,0.0357301834219893,0.0363495764858734,31.0,21.0,OK,4137.32,4145.373,-0.0017329031739149459,-0.01639961570667281,4130.0608,4150.724899999999,4152.569,4134.8938,False,False,False,False,False,False,False,False,False,,,,2026-05-27,4138.805,OK
2026-05-27,19.574771063267978,2026-06-22,2026-07-17,26.0,51.0,0.0386177981464499,0.0375125337033814,31.0,21.0,OK,4138.805,4093.727,-0.012458709988220518,-0.035083670943003464,4116.369199999999,4135.840399999999,4145.373,4130.0608,False,False,False,False,False,False,False,False,False,,,,2026-05-28,4080.304,OK
2026-05-28,18.856291867147785,2026-06-22,2026-07-17,25.0,50.0,0.0348348723864255,0.036998178120868,31.0,21.0,OK,4080.304,4098.636,0.0011991517753873193,-0.01897643754616518,4120.641,4127.912200000001,4093.727,4116.369199999999,False,False,False,False,False,False,False,False,False,,,,2026-05-29,4110.521,OK
2026-05-29,19.43427701588343,2026-06-22,2026-07-17,24.0,49.0,0.0357951550689709,0.040830760283355,31.0,21.0,OK,4110.521,4068.569,-0.00733585514790791,-0.016158092987140993,4111.7748,4121.2302,4098.636,4120.641,False,False,False,False,False,False,False,False,False,,,,2026-06-01,4067.158,OK
2026-06-01,19.598388819742137,2026-06-22,2026-07-17,21.0,46.0,0.0365507534809238,0.0399183820172562,30.0,21.0,OK,4067.158,4057.74,-0.002661623779761424,-0.017859736155727446,4092.809,4113.8514000000005,4068.569,4111.7748,False,False,False,False,False,False,False,False,False,,,,2026-06-02,4061.463,OK
2026-06-02,19.35077949387364,2026-06-22,2026-07-17,20.0,45.0,0.0344805946855758,0.0394217147130361,31.0,21.0,OK,4061.463,4075.102,0.004278736439495834,-0.02264903209899982,4078.7548,4104.4078,4057.74,4092.809,False,False,False,False,False,False,False,False,False,,,,2026-06-03,4068.341,OK
2026-06-03,19.047113804046763,2026-06-22,2026-07-17,19.0,44.0,0.0328306000936494,0.0381745892456867,31.0,21.0,OK,4068.341,4083.974,0.002177123419242033,-0.018790851439808742,4076.8042,4096.5867,4075.102,4078.7548,False,False,False,False,False,False,False,False,False,,,,2026-06-04,4053.67,OK
2026-06-04,19.237466187507675,2026-06-22,2026-07-17,18.0,43.0,0.0330343295663579,0.0388100286436721,30.0,21.0,OK,4053.67,4057.781,-0.006413605963211388,-0.004781622636872651,4068.6332,4094.6371,4083.974,4076.8042,False,False,False,False,False,False,False,False,False,,,,2026-06-05,4044.829,OK
2026-06-05,19.655150048446234,2026-06-22,2026-07-17,17.0,42.0,0.0347643759025144,0.0400777226610022,31.0,21.0,OK,4044.829,4027.736,-0.0074042931345974505,-0.020706557416907745,4060.4665999999997,4086.1206999999995,4057.781,4068.6332,False,False,False,False,False,False,False,False,False,,,,2026-06-08,3938.709,OK
2026-06-08,21.47888699368711,2026-06-22,2026-07-17,14.0,39.0,0.0503522435381571,0.0452825501614756,31.0,21.0,OK,3938.709,3959.338,-0.01698174855551593,-0.04653288121160659,4040.7862,4066.7976000000003,4027.736,4060.4665999999997,False,False,False,False,False,False,False,False,False,,,,2026-06-09,3977.539,OK
2026-06-09,19.847102760187703,2026-06-22,2026-07-17,13.0,38.0,0.0365245198252917,0.0398521850405239,31.0,22.0,OK,3977.539,4010.031,0.012803402993126545,-0.03264893171253824,4027.772,4053.2634000000007,3959.338,4040.7862,False,False,False,False,False,False,False,False,False,,,,2026-06-10,3985.124,OK
2026-06-10,20.091173921870705,2026-06-22,2026-07-17,12.0,37.0,0.0384977871722797,0.0406010977394036,30.0,22.0,OK,3985.124,3993.226,-0.004190740670084514,-0.024550000525193738,4009.6224,4043.2133000000003,4010.031,4027.772,False,False,False,False,False,False,False,False,False,,,,2026-06-11,3979.706,OK
2026-06-11,19.735459697473328,2026-06-22,2026-07-17,11.0,36.0,0.0367419801598748,0.0391617792686298,31.0,22.0,OK,3979.706,3987.015,-0.0015553840428766952,-0.02723369433148015,3995.4692000000005,4032.0511999999994,3993.226,4009.6224,False,False,False,False,False,False,False,False,False,,,,2026-06-12,4017.865,OK
2026-06-12,19.210598262361607,2026-06-22,2026-07-17,10.0,35.0,0.0274810966990627,0.0375778236926938,31.0,22.0,OK,4017.865,4031.513,0.011160730521455386,-0.009107870605119417,3996.2246,4028.3456000000006,3987.015,3995.4692000000005,False,False,False,False,False,False,False,False,False,,,,2026-06-15,4053.582,OK
2026-06-15,19.259799348185613,2026-06-22,2026-07-17,7.0,32.0,0.0327327857872299,0.0371769447267752,31.0,22.0,OK,4053.582,4096.472,0.016112809260443894,0.00954521482401538,4023.6513999999997,4032.2187999999996,4031.513,3996.2246,False,False,False,False,False,False,False,False,False,,,,2026-06-16,4094.212,OK
2026-06-16,20.03802166491552,2026-07-17,2026-07-17,31.0,31.0,0.0401522312243623,0.0401522312243623,22.0,22.0,WARN_NOT_BRACKET_30D,4094.212,4091.892,-0.0011180352264094084,0.004120142268831506,4040.0236000000004,4033.8977999999997,4096.472,4023.6513999999997,False,False,False,False,False,False,False,False,False,,,,2026-06-17,4074.291,WARN_NOT_BRACKET_30D
2026-06-17,20.76694698438252,2026-07-17,2026-07-17,30.0,30.0,0.0431266087052154,0.0431266087052154,22.0,22.0,OK,4074.291,4108.076,0.003955138600921115,0.0059016046625173235,4062.9936000000002,4036.308,4091.892,4040.0236000000004,False,False,False,False,False,False,False,False,False,,,,2026-06-18,4094.23,OK
2026-06-18,21.226962674714027,2026-07-17,2026-08-21,29.0,64.0,0.0451392466692038,0.0438127647734968,22.0,22.0,OK,4094.23,4090.481,-0.004283026896289122,0.008058591629267475,4083.6868000000004,4039.578,4108.076,4062.9936000000002,False,False,False,False,False,False,False,False,False,,,,2026-06-22,4093.955,OK
2026-06-22,22.59483244910004,2026-07-17,2026-08-21,25.0,60.0,0.0522533339105145,0.04805092391473,22.0,22.0,OK,4093.955,4163.097,0.017752435471525052,0.03360721755348406,4110.003600000001,4053.1141000000002,4090.481,4083.6868000000004,False,False,False,False,False,False,False,False,False,,,,2026-06-23,4153.593,OK
2026-06-23,23.19524712177192,2026-07-17,2026-08-21,24.0,59.0,0.0544388194919899,0.0525497965615315,23.0,23.0,OK,4153.593,4106.252,-0.013654498081596356,0.03710569797274199,4111.9596,4067.8055,4163.097,4110.003600000001,False,False,False,False,False,False,False,False,False,,,,2026-06-24,4090.1,OK
2026-06-24,22.516118466160595,2026-07-17,2026-08-21,23.0,58.0,0.0511816568886299,0.0499296797927364,23.0,23.0,OK,4090.1,4110.813,0.0011107452733050138,0.0251324740382306,4115.7438,4077.8837,4106.252,4111.9596,False,False,False,False,False,False,False,False,False,,,,2026-06-25,4103.482,OK
2026-06-25,22.008302664926187,2026-07-17,2026-08-21,22.0,57.0,0.0479436804726391,0.0490785512046207,23.0,23.0,OK,4103.482,4120.281,0.0023031940397191253,0.03181763316175945,4118.1848,4090.5892,4110.813,4115.7438,False,True,True,False,False,True,False,True,False,,,,2026-06-26,4098.686,OK
2026-06-26,23.46650981857743,2026-07-17,2026-08-21,21.0,56.0,0.0564725431791888,0.0535458038611685,23.0,23.0,OK,4098.686,4027.265,-0.0225751593155904,0.010095271776002779,4105.5416,4094.6142,4120.281,4118.1848,False,False,False,False,False,False,False,False,False,,,,2026-06-29,4026.686,OK
2026-06-29,23.54443852905032,2026-07-17,2026-08-21,18.0,53.0,0.0569463073637284,0.054449670195724,23.0,23.0,OK,4026.686,4073.902,0.011580315673291874,0.010514414811511275,4087.7025999999996,4098.8531,4027.265,4105.5416,False,False,False,False,False,False,False,False,False,,,,2026-06-30,4058.17,OK
2026-06-30,23.25612087766116,2026-07-17,2026-08-21,17.0,52.0,0.0560219911154828,0.0530129096772634,23.0,23.0,OK,4058.17,4094.397,0.0050308033919324036,-0.0005065334268120614,4085.3316,4098.645600000001,4073.902,4087.7025999999996,False,True,True,False,False,False,False,False,False,,,,2026-07-01,4090.76,OK
2026-07-01,22.70908085829216,2026-07-17,2026-08-21,16.0,51.0,0.0514662729453775,0.0516191588240063,23.0,23.0,OK,4090.76,4112.445,0.004407975093768224,0.005022859840875471,4085.6580000000004,4100.700900000001,4094.397,4085.3316,False,False,False,False,False,False,False,False,False,,,,2026-07-02,4054.086,OK
2026-07-02,24.300636585914138,2026-07-17,2026-08-21,15.0,50.0,0.0634808351269602,0.0572805973365095,23.0,23.0,OK,4054.086,4028.904,-0.020314192651816554,-0.019272282207047797,4067.3826,4092.7837,4112.445,4085.6580000000004,False,False,False,False,False,False,False,False,False,,,,2026-07-03,4031.335,OK
2026-07-03,22.42797331914832,2026-07-17,2026-08-21,14.0,49.0,0.051443818365791,0.0499137920550568,22.0,23.0,OK,4031.335,4043.643,0.0036583150156965782,-0.011450487118752073,4070.6581999999994,4088.0999,4028.904,4067.3826,False,False,False,False,False,False,False,False,False,,,,2026-07-06,4059.194,OK
2026-07-06,22.3254673152499,2026-07-17,2026-08-21,11.0,46.0,0.0549091185869684,0.048822398932888,20.0,20.0,OK,4059.194,4041.238,-0.000594760714533904,-0.029271237254380522,4064.1254,4075.9139999999998,4043.643,4070.6581999999994,False,False,False,False,False,False,False,False,False,,,,2026-07-07,4019.494,OK
2026-07-07,22.15216780470671,2026-07-17,2026-08-21,10.0,45.0,0.0582961233413179,0.0475344755953668,20.0,20.0,OK,4019.494,3990.235,-0.01262063753730902,-0.028253745751600334,4043.293,4064.3123,4041.238,4064.1254,False,False,False,False,False,False,False,False,False,,,,2026-07-08,3996.807,OK
2026-07-08,21.8392210755944,2026-07-17,2026-08-21,9.0,44.0,0.0590842956805735,0.0461420934513634,20.0,20.0,OK,3996.807,3970.88,-0.004850591506515234,-0.034040225133081914,4014.9800000000005,4050.3189999999995,3990.235,4043.293,False,False,False,False,False,False,False,False,False,,,,2026-07-09,3977.547,OK
2026-07-09,21.103923876345192,2026-07-17,2026-08-21,8.0,43.0,0.0532303327697864,0.0435819066645796,20.0,20.0,OK,3977.547,4036.588,0.01654746554919817,-0.020312449563512747,4016.5168,4041.9497,3970.88,4014.9800000000005,False,False,False,False,False,False,False,False,False,,,,2026-07-10,4031.537,OK
2026-07-10,20.81785729309881,2026-07-17,2026-08-21,7.0,42.0,0.0463310235245973,0.043078082984364,23.0,23.0,OK,4031.537,3996.162,-0.010014893766715938,-0.007723107369393412,4007.0206,4038.8394,4036.588,4016.5168,False,False,False,False,False,False,False,False,False,,,,2026-07-13,3966.023,OK
2026-07-13,22.94260298000864,2026-08-21,2026-08-21,39.0,39.0,0.0526363031498301,0.0526363031498301,23.0,23.0,WARN_NOT_BRACKET_30D,3966.023,3913.794,-0.020611777000031473,-0.03930089629058342,3981.5317999999997,4022.8286,3996.162,4007.0206,False,False,False,False,False,False,False,False,False,,,,2026-07-14,3909.274,WARN_NOT_BRACKET_30D
2026-07-14,21.19792729593721,2026-08-21,2026-08-21,38.0,38.0,0.044935212164384,0.044935212164384,23.0,23.0,WARN_NOT_BRACKET_30D,3909.274,3967.126,0.01362667529256778,-0.03108418651146916,3976.91,4010.1014999999998,3913.794,3981.5317999999997,False,False,False,False,False,False,False,False,False,,,,2026-07-15,3963.727,WARN_NOT_BRACKET_30D
2026-07-15,20.85172161946936,2026-08-21,2026-08-21,37.0,37.0,0.0434794294495846,0.0434794294495846,23.0,23.0,WARN_NOT_BRACKET_30D,3963.727,3955.578,-0.002910923424161549,-0.03814446150647599,3973.8496,3994.4148,3967.126,3976.91,False,False,False,False,False,False,False,False,False,,,,2026-07-16,3912.381,WARN_NOT_BRACKET_30D
2026-07-16,22.651180581064192,2026-08-21,2026-08-21,36.0,36.0,0.0513075981715979,0.0513075981715979,23.0,23.0,WARN_NOT_BRACKET_30D,3912.381,3882.413,-0.01849666470993616,-0.03636001254931864,3943.0146,3979.7657,3955.578,3973.8496,False,False,False,False,False,False,False,False,False,,,,2026-07-17,3865.317,WARN_NOT_BRACKET_30D
2026-07-17,24.579842793919067,2026-08-21,2026-08-21,35.0,35.0,0.0604168671773775,0.0604168671773775,23.0,23.0,WARN_NOT_BRACKET_30D,3865.317,3764.155,-0.030459922733619527,-0.06911787217615395,3896.6132,3951.8168999999994,3882.413,3943.0146,False,False,False,False,False,False,False,False,False,,,,2026-07-20,3791.662,WARN_NOT_BRACKET_30D
2026-07-20,25.07445487849729,2026-08-21,2026-08-21,32.0,32.0,0.0628728287453796,0.0628728287453796,26.0,26.0,WARN_NOT_BRACKET_30D,3791.662,3796.281,0.008534717619226528,-0.060614346395832186,3873.1106,3927.3212,3764.155,3896.6132,True,False,True,True,False,False,False,False,False,,,,2026-07-21,3812.162,WARN_NOT_BRACKET_30D
2026-07-21,22.54419675173774,2026-08-21,2026-08-21,31.0,31.0,0.0508240807181062,0.0508240807181062,26.0,26.0,WARN_NOT_BRACKET_30D,3812.162,3864.367,0.01793492104509653,-0.03154400680661662,3852.5588000000002,3914.7344,3796.281,3873.1106,False,True,True,False,False,False,False,False,False,,,,2026-07-22,3839.665,WARN_NOT_BRACKET_30D
2026-07-22,20.694113784185667,2026-08-21,2026-08-21,30.0,30.0,0.0428246345312823,0.0428246345312823,26.0,26.0,OK,3839.665,3867.034,0.0006901518411681629,-0.026151885728100566,3834.85,3904.3498,3864.367,3852.5588000000002,False,False,False,False,False,False,False,False,False,,,,2026-07-23,3868.087,OK
2026-07-23,19.55186303369377,2026-08-21,2026-09-18,29.0,57.0,0.0379516210638822,0.0420177183578797,26.0,28.0,OK,3868.087,3876.777,0.0025195020266177703,-0.039590614647816436,3833.7228000000005,3888.3687,3867.034,3834.85,False,False,False,False,True,False,True,False,True,AVIX<20,AVIX<20,AVIX<20,2026-07-24,3853.632,OK
2026-07-24,20.967518151714824,2026-08-21,2026-09-18,28.0,56.0,0.0438535162012723,0.0446797577735974,26.0,28.0,OK,3853.632,3814.198,-0.016142016938296977,-0.04553469053556891,3843.7313999999997,3870.1723000000006,3876.777,3833.7228000000005,False,False,False,False,False,False,False,False,False,,,,2026-07-27,3808.903,OK
2026-07-27,20.26284514227467,2026-08-21,2026-09-18,25.0,53.0,0.0410841656454541,0.0410021425950469,26.0,28.0,OK,3808.903,3858.245,0.011548168186339636,-0.014193133312586204,3856.1241999999997,3864.6174,3814.198,3843.7313999999997,False,False,False,False,False,False,False,False,False,,,,2026-07-28,3823.133,OK
2026-07-28,22.6101014190961,2026-08-21,2026-09-18,24.0,52.0,0.0524866326298879,0.0488117295214466,26.0,28.0,OK,3823.133,3813.315,-0.011645191013012313,-0.03877139269082963,3845.9138,3849.2362999999996,3858.245,3856.1241999999997,False,False,False,False,False,False,False,False,False,,,,2026-07-29,3823.293,OK
2026-07-29,23.17990189534396,2026-08-21,2026-09-18,23.0,51.0,0.0548098028661703,0.0522709377405389,26.0,28.0,OK,3823.293,3828.469,0.0039739701545769,-0.032134115418783304,3838.2008,3836.5254,3813.315,3845.9138,False,False,False,False,False,False,False,False,False,,,,2026-07-30,3812.111,OK
2026-07-30,24.51206470846237,2026-08-21,2026-09-18,22.0,50.0,0.0635116083051696,0.0563139072814011,26.0,28.0,OK,3812.111,3804.693,-0.006210315402841116,-0.02001847819899627,3823.7839999999997,3828.7534,3828.469,3838.2008,False,False,False,False,False,False,False,False,False,,,,2026-07-31,3833.536,OK
2026-07-31,22.9108819505031,2026-08-21,2026-09-18,21.0,49.0,0.0550798920629523,0.0501483856096886,26.0,28.0,OK,3833.536,3832.262,0.007246051126858388,0.018093569473095483,3827.3968,3835.5641000000005,3804.693,3823.7839999999997,False,True,True,False,False,True,False,True,False,,,,2026-08-03,3812.613,OK
2026-08-03,23.478553909434392,2026-08-21,2026-09-18,18.0,46.0,0.0618884162012786,0.051595118846018,26.0,28.0,OK,3812.613,3809.663,-0.005897039398663262,0.0035250288374333305,3817.6804,3836.9023,3832.262,3827.3968,False,False,False,False,False,False,False,False,False,,,,2026-08-04,3816.37,OK
2026-08-04,21.201162599600103,2026-08-21,2026-09-18,17.0,45.0,0.0470561949698137,0.0440303779674714,26.0,28.0,OK,3816.37,3822.285,0.0033131539456376924,-0.010889752448460577,3819.4744,3832.6941000000006,3809.663,3817.6804,False,False,False,False,False,False,False,False,False,,,,2026-08-05,3815.122,OK
2026-08-05,20.691099647267198,2026-08-21,2026-09-18,16.0,44.0,0.0438295482906094,0.0424422012506611,26.0,28.0,OK,3815.122,3878.43,0.014688857581263592,0.0029469614179755688,3829.4665999999997,3833.8337,3822.285,3819.4744,False,False,False,False,False,False,False,False,False,,,,2026-08-06,3864.273,OK
2026-08-06,20.45263706850208,2026-08-21,2026-09-18,15.0,43.0,0.0427639941015803,0.0415489792974953,26.0,28.0,OK,3864.273,3900.352,0.005652287136805434,0.006081082301097052,3848.5984,3836.1912,3878.43,3829.4665999999997,False,False,False,False,False,False,False,False,False,,,,2026-08-07,3896.485,OK
2026-08-07,19.44341703248334,2026-08-21,2026-09-18,14.0,42.0,0.0365957631102603,0.0381068674598178,26.0,28.0,OK,3896.485,3940.037,0.010174722691695504,0.0329922568256813,3870.1534,3848.7751,3900.352,3848.5984,False,False,False,False,False,False,True,False,True,,AVIX<20,AVIX<20,2026-08-10,3943.816,OK
2026-08-10,19.446872571399325,2026-08-21,2026-09-18,11.0,39.0,0.0405246714579084,0.0374564766012948,26.0,28.0,OK,3943.816,3966.594,0.006740292032790585,0.028082457179365194,3901.5396,3859.6099999999997,3940.037,3870.1534,False,False,False,False,False,False,False,False,False,,,,2026-08-11,3950.708,OK
2026-08-11,19.311255954363663,2026-08-21,2026-09-18,10.0,38.0,0.0404992783462618,0.0369549008963612,26.0,28.0,OK,3950.708,3934.093,-0.008193679514465146,0.03167270472017125,3923.9012000000002,3871.6877999999997,3966.594,3901.5396,False,False,False,False,False,False,False,False,False,,,,,,OK
