symbol,name,status,rows,last_error,last_try
801050,有色金属,OK,6465,,2026-09-30T16:04:50
801010,农林牧渔,OK,6465,,2026-09-30T16:04:50
801040,钢铁,OK,6465,,2026-09-30T16:04:50
801030,基础化工,OK,6465,,2026-09-30T16:04:50
801080,电子,OK,6465,,2026-09-30T16:04:50
801120,食品饮料,OK,6465,,2026-09-30T16:04:50
801110,家用电器,OK,6465,,2026-09-30T16:04:50
801880,汽车,OK,3051,,2026-09-30T16:04:50
801130,纺织服饰,OK,6465,,2026-09-30T16:04:50
801150,医药生物,OK,6465,,2026-09-30T16:04:50
801160,公用事业,OK,6465,,2026-09-30T16:04:50
801140,轻工制造,OK,6465,,2026-09-30T16:04:50
801170,交通运输,OK,6465,,2026-09-30T16:04:50
801180,房地产,OK,6465,,2026-09-30T16:04:50
801210,社会服务,OK,6465,,2026-09-30T16:04:50
801200,商贸零售,OK,6465,,2026-09-30T16:04:50
801780,银行,OK,3051,,2026-09-30T16:04:50
801790,非银金融,OK,3051,,2026-09-30T16:04:50
801720,建筑装饰,OK,3051,,2026-09-30T16:04:50
801230,综合,OK,6465,,2026-09-30T16:04:50
801710,建筑材料,OK,3051,,2026-09-30T16:04:50
801890,机械设备,OK,3051,,2026-09-30T16:04:50
801730,电力设备,OK,3051,,2026-09-30T16:04:50
801740,国防军工,OK,3051,,2026-09-30T16:04:50
801770,通信,OK,3051,,2026-09-30T16:04:50
801760,传媒,OK,3051,,2026-09-30T16:04:50
801950,煤炭,OK,3058,,2026-09-30T16:04:50
801980,美容护理,OK,1157,,2026-09-30T16:04:50
801750,计算机,OK,3051,,2026-09-30T16:04:50
801960,石油石化,OK,1157,,2026-09-30T16:04:50
801970,环保,OK,1157,,2026-09-30T16:04:50
