symbol,name,member_count,pe_static,pe_ttm,pb,dividend_yield,source,fetch_time
801010,农林牧渔,104,29.65,31.38,1.88,2.28,AKSHARE_SW_LEVEL1_VALUATION,2026-09-30T00:31:19+08:00
801030,基础化工,412,25.08,21.49,2.24,1.64,AKSHARE_SW_LEVEL1_VALUATION,2026-09-30T00:31:19+08:00
801040,钢铁,44,18.49,19.7,0.96,2.56,AKSHARE_SW_LEVEL1_VALUATION,2026-09-30T00:31:19+08:00
801050,有色金属,141,22.57,15.97,2.99,1.48,AKSHARE_SW_LEVEL1_VALUATION,2026-09-30T00:31:19+08:00
801080,电子,496,88.71,50.85,7.55,0.48,AKSHARE_SW_LEVEL1_VALUATION,2026-09-30T00:31:19+08:00
801880,汽车,291,20.23,22.05,1.98,2.05,AKSHARE_SW_LEVEL1_VALUATION,2026-09-30T00:31:19+08:00
801110,家用电器,93,14.51,14.94,2.29,4.19,AKSHARE_SW_LEVEL1_VALUATION,2026-09-30T00:31:19+08:00
801120,食品饮料,122,18.91,19.41,3.48,4.99,AKSHARE_SW_LEVEL1_VALUATION,2026-09-30T00:31:19+08:00
801130,纺织服饰,106,19.11,19.5,1.63,4.05,AKSHARE_SW_LEVEL1_VALUATION,2026-09-30T00:31:19+08:00
801140,轻工制造,156,21.05,21.94,2.04,2.76,AKSHARE_SW_LEVEL1_VALUATION,2026-09-30T00:31:19+08:00
801150,医药生物,480,29.56,28.07,2.7,1.72,AKSHARE_SW_LEVEL1_VALUATION,2026-09-30T00:31:19+08:00
801160,公用事业,137,18.3,19.88,1.68,2.79,AKSHARE_SW_LEVEL1_VALUATION,2026-09-30T00:31:19+08:00
801170,交通运输,126,14.74,14.23,1.2,3.57,AKSHARE_SW_LEVEL1_VALUATION,2026-09-30T00:31:19+08:00
801180,房地产,95,10.26,8.81,0.98,1.97,AKSHARE_SW_LEVEL1_VALUATION,2026-09-30T00:31:19+08:00
801200,商贸零售,99,23.59,20.76,1.76,2.14,AKSHARE_SW_LEVEL1_VALUATION,2026-09-30T00:31:19+08:00
801210,社会服务,82,28.74,29.41,2.31,1.87,AKSHARE_SW_LEVEL1_VALUATION,2026-09-30T00:31:19+08:00
801780,银行,42,7.45,7.34,0.69,5.1,AKSHARE_SW_LEVEL1_VALUATION,2026-09-30T00:31:19+08:00
801790,非银金融,79,9.73,7.52,1.16,2.5,AKSHARE_SW_LEVEL1_VALUATION,2026-09-30T00:31:19+08:00
801230,综合,20,78.76,66.03,3.5,0.95,AKSHARE_SW_LEVEL1_VALUATION,2026-09-30T00:31:19+08:00
801710,建筑材料,72,33.19,31.7,1.98,2.97,AKSHARE_SW_LEVEL1_VALUATION,2026-09-30T00:31:19+08:00
801720,建筑装饰,147,9.11,10.41,0.61,3.35,AKSHARE_SW_LEVEL1_VALUATION,2026-09-30T00:31:19+08:00
801730,电力设备,379,27.77,24.62,2.77,1.52,AKSHARE_SW_LEVEL1_VALUATION,2026-09-30T00:31:19+08:00
801890,机械设备,542,37.52,35.99,3.17,1.39,AKSHARE_SW_LEVEL1_VALUATION,2026-09-30T00:31:19+08:00
801740,国防军工,137,60.07,50.31,3.44,0.67,AKSHARE_SW_LEVEL1_VALUATION,2026-09-30T00:31:19+08:00
801750,计算机,334,45.71,39.55,3.69,1.19,AKSHARE_SW_LEVEL1_VALUATION,2026-09-30T00:31:19+08:00
801760,传媒,130,24.47,23.51,1.97,2.57,AKSHARE_SW_LEVEL1_VALUATION,2026-09-30T00:31:19+08:00
801770,通信,123,29.3,28.34,2.72,2.19,AKSHARE_SW_LEVEL1_VALUATION,2026-09-30T00:31:19+08:00
801950,煤炭,33,18.34,16.69,1.8,4.96,AKSHARE_SW_LEVEL1_VALUATION,2026-09-30T00:31:19+08:00
801960,石油石化,47,14.94,12.65,1.33,3.81,AKSHARE_SW_LEVEL1_VALUATION,2026-09-30T00:31:19+08:00
801970,环保,130,19.84,18.36,1.4,2.11,AKSHARE_SW_LEVEL1_VALUATION,2026-09-30T00:31:19+08:00
801980,美容护理,28,27.6,26.33,2.36,2.47,AKSHARE_SW_LEVEL1_VALUATION,2026-09-30T00:31:19+08:00
