strategy_id,trade_count,exposure_ratio,avg_holding_days,win_rate,avg_trade_return,median_trade_return,total_return,annualized_return,max_drawdown,max_single_loss,profit_factor,sharpe,calmar,max_consecutive_losses,zero_trade_years,zero_trade_year_list,top_year_profit_share,n_years_with_trades,entry_threshold,upper_bound,exhaustion_rule,price_confirm_rule,exit_rule,rule,signal_days,score
s006676,49,0.1526813880126183,4.938775510204081,0.6530612244897959,0.013438854534045724,0.011660215862378165,0.8526618849208549,0.10300392070475084,-0.08719956332143966,-0.05472727186631191,2.8622455866894336,,1.181243538170625,3,1,2019,0.3783102930410101,7,60,80,none,drawdown_60d_below_5pct,fixed_5d,RT>=60<80|ex=none|px=drawdown_60d_below_5pct|exit=fixed_5d,171,0.48050082156851426
s006181,49,0.1526813880126183,4.938775510204081,0.6122448979591837,0.01378234701150214,0.008918436594712332,0.8848157480279741,0.10602552632467743,-0.08719956332143966,-0.05472727186631191,3.027846565523313,,1.215895152293831,3,1,2019,0.4214734332204542,7,60,75,none,drawdown_60d_below_5pct,fixed_5d,RT>=60<75|ex=none|px=drawdown_60d_below_5pct|exit=fixed_5d,165,0.4319444061071906
s005761,45,0.14006309148264984,4.933333333333334,0.6444444444444445,0.01361558556193919,0.011660215862378165,0.7775324928628429,0.09576803154633651,-0.08719956332143966,-0.05472727186631191,3.0768867180508965,,1.098262742363873,3,1,2019,0.5293436919401,7,60,70,none,drawdown_60d_below_5pct,fixed_5d,RT>=60<70|ex=none|px=drawdown_60d_below_5pct|exit=fixed_5d,122,0.4164605874336691
s000098,84,0.1608832807570978,3.0357142857142856,0.5833333333333334,0.0067746415018013805,0.0019516563915236932,0.7207036108672737,0.09012182468475771,-0.06785921092846184,-0.03593908655231507,2.282460878089173,,1.3280706252208774,4,1,2019,0.37073925002685976,7,55,None,none,drawdown_60d_below_5pct,close_below_ma10,RT>=55<None|ex=none|px=drawdown_60d_below_5pct|exit=close_below_ma10,255,0.3938900138971319
s004523,84,0.1608832807570978,3.0357142857142856,0.5833333333333334,0.0067746415018013805,0.0019516563915236932,0.7207036108672737,0.09012182468475771,-0.06785921092846184,-0.03593908655231507,2.282460878089173,,1.3280706252208774,4,1,2019,0.37073925002685976,7,55,100,none,drawdown_60d_below_5pct,close_below_ma10,RT>=55<100|ex=none|px=drawdown_60d_below_5pct|exit=close_below_ma10,255,0.3938900138971319
s000796,30,0.09400630914826498,4.966666666666667,0.6333333333333333,0.014333073901918186,0.008973956921906135,0.4934309098899601,0.0658443519308054,-0.0687245077630381,-0.03507663801293174,3.761923532350736,,0.9580912846671312,4,1,2019,0.5210939980578606,7,55,70,none,up_0_5pct_day,fixed_5d,RT>=55<70|ex=none|px=up_0_5pct_day|exit=fixed_5d,73,0.378656654266611
s005266,50,0.15583596214511042,4.94,0.64,0.013136433372803376,0.012543927046895742,0.8385757245746241,0.10166628581541048,-0.09380602956629872,-0.08213466739593503,2.526887863699775,,1.0837926547520746,4,1,2019,0.3742418104719194,7,60,None,none,drawdown_60d_below_5pct,fixed_5d,RT>=60<None|ex=none|px=drawdown_60d_below_5pct|exit=fixed_5d,190,0.37303814226351933
s007666,50,0.15583596214511042,4.94,0.64,0.013136433372803376,0.012543927046895742,0.8385757245746241,0.10166628581541048,-0.09380602956629872,-0.08213466739593503,2.526887863699775,,1.0837926547520746,4,1,2019,0.3742418104719194,7,60,90,none,drawdown_60d_below_5pct,fixed_5d,RT>=60<90|ex=none|px=drawdown_60d_below_5pct|exit=fixed_5d,189,0.37303814226351933
s008161,50,0.15583596214511042,4.94,0.64,0.013136433372803376,0.012543927046895742,0.8385757245746241,0.10166628581541048,-0.09380602956629872,-0.08213466739593503,2.526887863699775,,1.0837926547520746,4,1,2019,0.3742418104719194,7,60,100,none,drawdown_60d_below_5pct,fixed_5d,RT>=60<100|ex=none|px=drawdown_60d_below_5pct|exit=fixed_5d,190,0.37303814226351933
s007171,50,0.15583596214511042,4.94,0.64,0.013097186147378512,0.012543927046895742,0.835117970474027,0.10133661717973164,-0.09380602956629872,-0.08213466739593503,2.522326038546444,,1.0802782896605871,4,1,2019,0.37534199111246336,7,60,85,none,drawdown_60d_below_5pct,fixed_5d,RT>=60<85|ex=none|px=drawdown_60d_below_5pct|exit=fixed_5d,184,0.3708081822012799
s000781,38,0.1167192429022082,4.868421052631579,0.6842105263157895,0.011547541895246776,0.012079376526497454,0.5016152730784815,0.06677089627168908,-0.0687245077630381,-0.04747497707050278,2.6826908016943265,,0.9715732923386653,5,1,2019,0.6708970513958876,7,55,70,none,up_day,fixed_5d,RT>=55<70|ex=none|px=up_day|exit=fixed_5d,105,0.363577878014354
s009421,36,0.11356466876971609,5.0,0.6388888888888888,0.01312825752341453,0.01415757757354027,0.5744593785173628,0.07483558554179837,-0.07955768931567644,-0.053814760299102295,3.124213957580736,,0.9406455389228152,2,1,2019,0.34338587799735576,7,65,85,none,none,fixed_5d,RT>=65<85|ex=none|px=none|exit=fixed_5d,126,0.3527820080253768
s003023,84,0.16025236593059936,3.0238095238095237,0.5595238095238095,0.006516140206052011,0.0015890364287749151,0.6845537109554587,0.08644801252328449,-0.06785921092846184,-0.029686088285525693,2.223598284952838,,1.2739318854505872,4,1,2019,0.35746964700655576,7,55,85,none,drawdown_60d_below_5pct,close_below_ma10,RT>=55<85|ex=none|px=drawdown_60d_below_5pct|exit=close_below_ma10,249,0.34264644791911003
s003773,84,0.16025236593059936,3.0238095238095237,0.5714285714285714,0.006253200575686568,0.0016984670937774896,0.6489044582888166,0.08275956213959734,-0.06785921092846184,-0.029686088285525693,2.1867569438008623,,1.2195774310851282,4,1,2019,0.37073925002685976,7,55,90,none,drawdown_60d_below_5pct,close_below_ma10,RT>=55<90|ex=none|px=drawdown_60d_below_5pct|exit=close_below_ma10,254,0.3386149558889251
s000706,39,0.12113564668769716,4.923076923076923,0.6410256410256411,0.009881100969542355,0.013842018677451906,0.4550029401762967,0.06143600235807267,-0.0687245077630381,-0.03507663801293174,3.0241034850698654,,0.8939460515294461,4,1,2019,0.3063141758457369,7,55,None,below_5d_high_5,drawdown_60d_below_5pct,fixed_5d,RT>=55<None|ex=below_5d_high_5|px=drawdown_60d_below_5pct|exit=fixed_5d,120,0.33538493167968464
s002881,39,0.12113564668769716,4.923076923076923,0.6410256410256411,0.009881100969542355,0.013842018677451906,0.4550029401762967,0.06143600235807267,-0.0687245077630381,-0.03507663801293174,3.0241034850698654,,0.8939460515294461,4,1,2019,0.3063141758457369,7,55,80,below_5d_high_5,drawdown_60d_below_5pct,fixed_5d,RT>=55<80|ex=below_5d_high_5|px=drawdown_60d_below_5pct|exit=fixed_5d,118,0.33538493167968464
s003631,39,0.12113564668769716,4.923076923076923,0.6410256410256411,0.009881100969542355,0.013842018677451906,0.4550029401762967,0.06143600235807267,-0.0687245077630381,-0.03507663801293174,3.0241034850698654,,0.8939460515294461,4,1,2019,0.3063141758457369,7,55,85,below_5d_high_5,drawdown_60d_below_5pct,fixed_5d,RT>=55<85|ex=below_5d_high_5|px=drawdown_60d_below_5pct|exit=fixed_5d,120,0.33538493167968464
s004381,39,0.12113564668769716,4.923076923076923,0.6410256410256411,0.009881100969542355,0.013842018677451906,0.4550029401762967,0.06143600235807267,-0.0687245077630381,-0.03507663801293174,3.0241034850698654,,0.8939460515294461,4,1,2019,0.3063141758457369,7,55,90,below_5d_high_5,drawdown_60d_below_5pct,fixed_5d,RT>=55<90|ex=below_5d_high_5|px=drawdown_60d_below_5pct|exit=fixed_5d,120,0.33538493167968464
s005131,39,0.12113564668769716,4.923076923076923,0.6410256410256411,0.009881100969542355,0.013842018677451906,0.4550029401762967,0.06143600235807267,-0.0687245077630381,-0.03507663801293174,3.0241034850698654,,0.8939460515294461,4,1,2019,0.3063141758457369,7,55,100,below_5d_high_5,drawdown_60d_below_5pct,fixed_5d,RT>=55<100|ex=below_5d_high_5|px=drawdown_60d_below_5pct|exit=fixed_5d,120,0.33538493167968464
s005684,30,0.294006309148265,15.533333333333333,0.6666666666666666,0.01924426038294095,0.015138229782359978,0.6643502628881519,0.08436581564944357,-0.0965856427806169,-0.07131879636854435,2.402176659140982,,0.8734819505324486,3,1,2019,0.6358692400885493,7,60,70,none,none,max20_risk_below_35_tp10_sl5,RT>=60<70|ex=none|px=none|exit=max20_risk_below_35_tp10_sl5,144,0.3328029157179692
s007172,36,0.2220820189274448,9.777777777777779,0.6388888888888888,0.014279909030091686,0.011217902686758785,0.6272643846147186,0.08048773094296635,-0.0965856427806169,-0.05126467534202787,2.918717441535356,,0.8333301785420107,2,1,2019,0.3555160355183962,7,60,85,none,drawdown_60d_below_5pct,fixed_10d,RT>=60<85|ex=none|px=drawdown_60d_below_5pct|exit=fixed_10d,184,0.31527642536383854
s006182,36,0.2220820189274448,9.777777777777779,0.6388888888888888,0.014261341117952846,0.010883680268259666,0.6261900779819844,0.08037428685967885,-0.0965856427806169,-0.05126467534202787,2.916222567317417,,0.8321556345826648,2,1,2019,0.35598999558700406,7,60,75,none,drawdown_60d_below_5pct,fixed_10d,RT>=60<75|ex=none|px=drawdown_60d_below_5pct|exit=fixed_10d,165,0.31439547081124886
s006677,36,0.2220820189274448,9.777777777777779,0.6388888888888888,0.014261341117952846,0.010883680268259666,0.6261900779819844,0.08037428685967885,-0.0965856427806169,-0.05126467534202787,2.916222567317417,,0.8321556345826648,2,1,2019,0.35598999558700406,7,60,80,none,drawdown_60d_below_5pct,fixed_10d,RT>=60<80|ex=none|px=drawdown_60d_below_5pct|exit=fixed_10d,171,0.31439547081124886
s005267,36,0.2220820189274448,9.777777777777779,0.6388888888888888,0.014166023113103091,0.011217902686758785,0.6209352065356082,0.07981847577840973,-0.0965856427806169,-0.05126467534202787,2.903415180518791,,0.8264010414022729,2,1,2019,0.358464285505599,7,60,None,none,drawdown_60d_below_5pct,fixed_10d,RT>=60<None|ex=none|px=drawdown_60d_below_5pct|exit=fixed_10d,190,0.3099787198932339
s007667,36,0.2220820189274448,9.777777777777779,0.6388888888888888,0.014166023113103091,0.011217902686758785,0.6209352065356082,0.07981847577840973,-0.0965856427806169,-0.05126467534202787,2.903415180518791,,0.8264010414022729,2,1,2019,0.358464285505599,7,60,90,none,drawdown_60d_below_5pct,fixed_10d,RT>=60<90|ex=none|px=drawdown_60d_below_5pct|exit=fixed_10d,189,0.3099787198932339
s008162,36,0.2220820189274448,9.777777777777779,0.6388888888888888,0.014166023113103091,0.011217902686758785,0.6209352065356082,0.07981847577840973,-0.0965856427806169,-0.05126467534202787,2.903415180518791,,0.8264010414022729,2,1,2019,0.358464285505599,7,60,100,none,drawdown_60d_below_5pct,fixed_10d,RT>=60<100|ex=none|px=drawdown_60d_below_5pct|exit=fixed_10d,190,0.3099787198932339
s010418,34,0.07381703470031546,3.4411764705882355,0.6470588235294118,0.010467096509305126,0.007726554844689615,0.4078281570461253,0.055888325353394164,-0.06280617272128633,-0.029686088285525693,3.1559027489078977,,0.8898540212187207,3,1,2019,0.6771122288802861,7,70,85,none,none,close_below_ma10,RT>=70<85|ex=none|px=none|exit=close_below_ma10,68,0.3006803158829819
s009429,45,0.10977917981072555,3.8666666666666667,0.6222222222222222,0.007893710080708305,0.0028266924759718596,0.4085704829789458,0.05597682427409456,-0.06280617272128633,-0.029466387114005656,3.320985189320696,,0.8912631012002876,2,1,2019,0.4650406797123647,7,65,85,none,none,close_below_ma20,RT>=65<85|ex=none|px=none|exit=close_below_ma20,126,0.2922369996100208
s005189,31,0.3047318611987382,15.580645161290322,0.6451612903225806,0.020300599287923087,0.01441839543850928,0.7381794582033347,0.0918746202940448,-0.1099939367525278,-0.08010404091476445,2.3855328102932956,,0.8352698612901807,3,1,2019,0.5684934602134719,7,60,None,none,none,max20_risk_below_35_tp10_sl5,RT>=60<None|ex=none|px=none|exit=max20_risk_below_35_tp10_sl5,218,0.289268874003345
s007589,31,0.3047318611987382,15.580645161290322,0.6451612903225806,0.020300599287923087,0.01441839543850928,0.7381794582033347,0.0918746202940448,-0.1099939367525278,-0.08010404091476445,2.3855328102932956,,0.8352698612901807,3,1,2019,0.5684934602134719,7,60,90,none,none,max20_risk_below_35_tp10_sl5,RT>=60<90|ex=none|px=none|exit=max20_risk_below_35_tp10_sl5,217,0.289268874003345
s008084,31,0.3047318611987382,15.580645161290322,0.6451612903225806,0.020300599287923087,0.01441839543850928,0.7381794582033347,0.0918746202940448,-0.1099939367525278,-0.08010404091476445,2.3855328102932956,,0.8352698612901807,3,1,2019,0.5684934602134719,7,60,100,none,none,max20_risk_below_35_tp10_sl5,RT>=60<100|ex=none|px=none|exit=max20_risk_below_35_tp10_sl5,218,0.289268874003345
s007094,31,0.3041009463722397,15.548387096774194,0.6451612903225806,0.020222945206430417,0.01441839543850928,0.7342654000878308,0.09148333970006073,-0.1099939367525278,-0.08010404091476445,2.380232854551334,,0.8317125689017428,3,1,2019,0.5704638298867725,7,60,85,none,none,max20_risk_below_35_tp10_sl5,RT>=60<85|ex=none|px=none|exit=max20_risk_below_35_tp10_sl5,212,0.2862075830398599
s009428,47,0.09652996845425868,3.25531914893617,0.6170212765957447,0.008089244593028264,0.006034743331444681,0.44607744781615954,0.06039810010548807,-0.06280617272128633,-0.029686088285525693,2.8714581394680625,,0.9616586632896019,3,1,2019,0.5183306360820155,7,65,85,none,none,close_below_ma10,RT>=65<85|ex=none|px=none|exit=close_below_ma10,126,0.2827867115053114
s005672,38,0.2384858044164038,9.947368421052632,0.6578947368421053,0.012845594476912178,0.01303846884721246,0.584983450292107,0.07597464982622903,-0.0965856427806169,-0.05126467534202787,2.474616619255081,,0.7866039676186309,5,1,2019,0.44018356706323986,7,60,70,none,none,fixed_10d,RT>=60<70|ex=none|px=none|exit=fixed_10d,144,0.2823926664962064
s002288,80,0.14384858044164037,2.85,0.575,0.005847349105675926,0.0016541621126827336,0.5600027558041563,0.07326039977628418,-0.06785921092846184,-0.03593908655231507,2.1080552009788107,,1.0795940414561607,4,1,2019,0.4147463281396823,7,55,80,none,drawdown_60d_below_5pct,close_below_ma10,RT>=55<80|ex=none|px=drawdown_60d_below_5pct|exit=close_below_ma10,236,0.26913769383733865
s008566,36,0.11356466876971609,5.0,0.6388888888888888,0.011550286667931361,0.013958792636222983,0.4876452871813888,0.0651867870147178,-0.07955768931567644,-0.053814760299102295,2.638392404924238,,0.8193650114203741,2,1,2019,0.39194883723448615,7,65,None,none,none,fixed_5d,RT>=65<None|ex=none|px=none|exit=fixed_5d,132,0.2625877442647575
s009691,36,0.11356466876971609,5.0,0.6388888888888888,0.011550286667931361,0.013958792636222983,0.4876452871813888,0.0651867870147178,-0.07955768931567644,-0.053814760299102295,2.638392404924238,,0.8193650114203741,2,1,2019,0.39194883723448615,7,65,90,none,none,fixed_5d,RT>=65<90|ex=none|px=none|exit=fixed_5d,131,0.2625877442647575
s009961,36,0.11356466876971609,5.0,0.6388888888888888,0.011550286667931361,0.013958792636222983,0.4876452871813888,0.0651867870147178,-0.07955768931567644,-0.053814760299102295,2.638392404924238,,0.8193650114203741,2,1,2019,0.39194883723448615,7,65,100,none,none,fixed_5d,RT>=65<100|ex=none|px=none|exit=fixed_5d,132,0.2625877442647575
s005762,33,0.2031545741324921,9.757575757575758,0.6666666666666666,0.012767719759931767,0.012650721830514045,0.49132451738632743,0.06560519831461109,-0.0965856427806169,-0.05126467534202787,2.6767339107508508,,0.6792437926165248,2,1,2019,0.37394255798560094,7,60,70,none,drawdown_60d_below_5pct,fixed_10d,RT>=60<70|ex=none|px=drawdown_60d_below_5pct|exit=fixed_10d,122,0.25984402701155135
s001553,79,0.14511041009463724,2.911392405063291,0.569620253164557,0.005794030708429904,0.0015670655885282273,0.5451014026264234,0.07162385489411505,-0.06785921092846184,-0.03593908655231507,2.114584076012597,,1.0554772729323652,4,1,2019,0.40144334989217806,7,55,75,none,drawdown_60d_below_5pct,close_below_ma10,RT>=55<75|ex=none|px=drawdown_60d_below_5pct|exit=close_below_ma10,230,0.2522135127662492
s000104,31,0.305993690851735,15.64516129032258,0.6451612903225806,0.01789880416467911,0.010386844029917486,0.62219584538364,0.07995195235945318,-0.10550338176704058,-0.07853053223554998,2.2612489336331962,,0.7578141195131841,3,1,2019,0.45538787434048345,7,55,None,none,drawdown_60d_below_5pct,max20_risk_below_35_tp10_sl5,RT>=55<None|ex=none|px=drawdown_60d_below_5pct|exit=max20_risk_below_35_tp10_sl5,255,0.24109204092585487
s003779,31,0.305993690851735,15.64516129032258,0.6451612903225806,0.01789880416467911,0.010386844029917486,0.62219584538364,0.07995195235945318,-0.10550338176704058,-0.07853053223554998,2.2612489336331962,,0.7578141195131841,3,1,2019,0.45538787434048345,7,55,90,none,drawdown_60d_below_5pct,max20_risk_below_35_tp10_sl5,RT>=55<90|ex=none|px=drawdown_60d_below_5pct|exit=max20_risk_below_35_tp10_sl5,254,0.24109204092585487
s004529,31,0.305993690851735,15.64516129032258,0.6451612903225806,0.01789880416467911,0.010386844029917486,0.62219584538364,0.07995195235945318,-0.10550338176704058,-0.07853053223554998,2.2612489336331962,,0.7578141195131841,3,1,2019,0.45538787434048345,7,55,100,none,drawdown_60d_below_5pct,max20_risk_below_35_tp10_sl5,RT>=55<100|ex=none|px=drawdown_60d_below_5pct|exit=max20_risk_below_35_tp10_sl5,255,0.24109204092585487
s002146,39,0.12113564668769716,4.923076923076923,0.6153846153846154,0.009063195832015883,0.013081511380498257,0.40928274814266374,0.0560617025314194,-0.0687245077630381,-0.03507663801293174,2.706311562843804,,0.8157454211926841,5,1,2019,0.3350072029136049,7,55,75,below_5d_high_5,drawdown_60d_below_5pct,fixed_5d,RT>=55<75|ex=below_5d_high_5|px=drawdown_60d_below_5pct|exit=fixed_5d,117,0.2406187394166622
s003029,31,0.3053627760252366,15.612903225806452,0.6451612903225806,0.017821150083186438,0.010386844029917486,0.6185429608764654,0.07956494433349559,-0.10550338176704058,-0.07853053223554998,2.2557769967052437,,0.7541459145753355,3,1,2019,0.45705678852169807,7,55,85,none,drawdown_60d_below_5pct,max20_risk_below_35_tp10_sl5,RT>=55<85|ex=none|px=drawdown_60d_below_5pct|exit=max20_risk_below_35_tp10_sl5,249,0.23807186860886836
s006599,31,0.3041009463722397,15.548387096774194,0.6451612903225806,0.018098938014773722,0.01585806412621068,0.6251923931867658,0.08026887738984168,-0.1099939367525278,-0.08010404091476445,2.1511010759229894,,0.7297572917172364,3,1,2019,0.5639884555452308,7,60,80,none,none,max20_risk_below_35_tp10_sl5,RT>=60<80|ex=none|px=none|exit=max20_risk_below_35_tp10_sl5,199,0.2052838389763268
s001559,31,0.3053627760252366,15.612903225806452,0.6451612903225806,0.01682075372648715,0.014000583819623292,0.5686478861367203,0.07420383647477524,-0.10550338176704058,-0.07853053223554998,2.102086031941049,,0.7033313551846415,3,1,2019,0.4471701886442225,7,55,75,none,drawdown_60d_below_5pct,max20_risk_below_35_tp10_sl5,RT>=55<75|ex=none|px=drawdown_60d_below_5pct|exit=max20_risk_below_35_tp10_sl5,230,0.19838364121304314
s009511,33,0.10220820189274447,4.909090909090909,0.6363636363636364,0.010099170341211763,0.013766342306984891,0.37575633623484794,0.05202676942410034,-0.07955768931567644,-0.053814760299102295,2.4372962368745785,,0.6539502324868142,2,1,2019,0.27990093333944305,7,65,85,none,drawdown_60d_below_5pct,fixed_5d,RT>=65<85|ex=none|px=drawdown_60d_below_5pct|exit=fixed_5d,114,0.1837654547567342
s002281,58,0.1810725552050473,4.948275862068965,0.603448275862069,0.008395272271780824,0.007954790913305055,0.5574892960862923,0.07298528280931915,-0.08719956332143966,-0.060510341917388945,1.9518896020041672,,0.8369913796503421,3,1,2019,0.3813353755374887,7,55,80,none,drawdown_60d_below_5pct,fixed_5d,RT>=55<80|ex=none|px=drawdown_60d_below_5pct|exit=fixed_5d,236,0.18039956082097833
s006104,31,0.30914826498422715,15.806451612903226,0.6129032258064516,0.01834931071400311,0.01441839543850928,0.6343914430045623,0.08123873947909477,-0.1099939367525278,-0.08010404091476445,2.1044277870574235,,0.738574705821026,3,1,2019,0.5031509847129757,7,60,75,none,none,max20_risk_below_35_tp10_sl5,RT>=60<75|ex=none|px=none|exit=max20_risk_below_35_tp10_sl5,192,0.16606144813937693
s002294,31,0.3053627760252366,15.612903225806452,0.6451612903225806,0.01569714289152975,0.014000583819623292,0.5167480755420708,0.06847293775922325,-0.10550338176704058,-0.07853053223554998,2.028467701473834,,0.649011781540962,3,1,2019,0.441447549097803,7,55,80,none,drawdown_60d_below_5pct,max20_risk_below_35_tp10_sl5,RT>=55<80|ex=none|px=drawdown_60d_below_5pct|exit=max20_risk_below_35_tp10_sl5,236,0.1587028675843424
s009151,35,0.11041009463722397,5.0,0.6,0.011002799871987875,0.014163912181619465,0.44261298121673365,0.05999378218927953,-0.07955768931567644,-0.053814760299102295,2.4267202143470934,,0.7540915618002754,2,1,2019,0.4154727347286596,7,65,80,none,none,fixed_5d,RT>=65<80|ex=none|px=none|exit=fixed_5d,113,0.15432999485107432
s007082,40,0.25173501577287066,9.975,0.65,0.012070002715753175,0.012575831303927221,0.5698880518594314,0.07433881599917092,-0.11950625035090226,-0.07188080733222182,2.3002664221696527,,0.6220496064506442,4,1,2019,0.3800742200068702,7,60,85,none,none,fixed_10d,RT>=60<85|ex=none|px=none|exit=fixed_10d,212,0.14616341108449804
s009518,44,0.09085173501577287,3.272727272727273,0.6136363636363636,0.006391485758164856,0.0049010916138525155,0.31029811857805467,0.043904423546929916,-0.06280617272128633,-0.044177769654530276,2.1764659384298604,,0.6990463141539237,3,1,2019,0.3591193191398103,7,65,85,none,drawdown_60d_below_5pct,close_below_ma10,RT>=65<85|ex=none|px=drawdown_60d_below_5pct|exit=close_below_ma10,114,0.14558995272904285
s006092,40,0.25173501577287066,9.975,0.65,0.012053291594828219,0.012241608885428102,0.5688516246121391,0.07422601751138536,-0.11950625035090226,-0.07188080733222182,2.2984661815295095,,0.6211057354191764,4,1,2019,0.38061629806071823,7,60,75,none,none,fixed_10d,RT>=60<75|ex=none|px=none|exit=fixed_10d,192,0.1453471741148109
s006587,40,0.25173501577287066,9.975,0.65,0.012053291594828219,0.012241608885428102,0.5688516246121391,0.07422601751138536,-0.11950625035090226,-0.07188080733222182,2.2984661815295095,,0.6211057354191764,4,1,2019,0.38061629806071823,7,60,80,none,none,fixed_10d,RT>=60<80|ex=none|px=none|exit=fixed_10d,199,0.1453471741148109
s005177,40,0.25173501577287066,9.975,0.65,0.01196750539046344,0.012575831303927221,0.5637820366731909,0.0736733694785856,-0.11950625035090226,-0.07188080733222182,2.2892246822815165,,0.6164813075655953,4,1,2019,0.383671812175331,7,60,None,none,none,fixed_10d,RT>=60<None|ex=none|px=none|exit=fixed_10d,218,0.14122436237696537
s007577,40,0.25173501577287066,9.975,0.65,0.01196750539046344,0.012575831303927221,0.5637820366731909,0.0736733694785856,-0.11950625035090226,-0.07188080733222182,2.2892246822815165,,0.6164813075655953,4,1,2019,0.383671812175331,7,60,90,none,none,fixed_10d,RT>=60<90|ex=none|px=none|exit=fixed_10d,217,0.14122436237696537
s008072,40,0.25173501577287066,9.975,0.65,0.01196750539046344,0.012575831303927221,0.5637820366731909,0.0736733694785856,-0.11950625035090226,-0.07188080733222182,2.2892246822815165,,0.6164813075655953,4,1,2019,0.383671812175331,7,60,100,none,none,fixed_10d,RT>=60<100|ex=none|px=none|exit=fixed_10d,218,0.14122436237696537
s001411,37,0.11482649842271293,4.918918918918919,0.6486486486486487,0.007110305243817219,0.011979770630519327,0.28782036082631235,0.041036486449263165,-0.0687245077630381,-0.04747497707050278,2.1075304477716403,,0.5971157565908927,5,1,2019,0.4348169275990862,7,55,70,below_5d_high_5,drawdown_60d_below_5pct,fixed_5d,RT>=55<70|ex=below_5d_high_5|px=drawdown_60d_below_5pct|exit=fixed_5d,101,0.14092941592540045
s000616,41,0.12870662460567822,4.975609756097561,0.6097560975609756,0.0069863161346587575,0.011979770630519327,0.31788492046004313,0.044863085934678804,-0.07020339608894591,-0.03507663801293174,2.1421373173483453,,0.6390443829503407,4,1,2019,0.30106295091887697,7,55,None,below_5d_high_5,none,fixed_5d,RT>=55<None|ex=below_5d_high_5|px=none|exit=fixed_5d,144,0.1336158204624257
s002791,41,0.12870662460567822,4.975609756097561,0.6097560975609756,0.0069863161346587575,0.011979770630519327,0.31788492046004313,0.044863085934678804,-0.07020339608894591,-0.03507663801293174,2.1421373173483453,,0.6390443829503407,4,1,2019,0.30106295091887697,7,55,80,below_5d_high_5,none,fixed_5d,RT>=55<80|ex=below_5d_high_5|px=none|exit=fixed_5d,142,0.1336158204624257
s003541,41,0.12870662460567822,4.975609756097561,0.6097560975609756,0.0069863161346587575,0.011979770630519327,0.31788492046004313,0.044863085934678804,-0.07020339608894591,-0.03507663801293174,2.1421373173483453,,0.6390443829503407,4,1,2019,0.30106295091887697,7,55,85,below_5d_high_5,none,fixed_5d,RT>=55<85|ex=below_5d_high_5|px=none|exit=fixed_5d,144,0.1336158204624257
s004291,41,0.12870662460567822,4.975609756097561,0.6097560975609756,0.0069863161346587575,0.011979770630519327,0.31788492046004313,0.044863085934678804,-0.07020339608894591,-0.03507663801293174,2.1421373173483453,,0.6390443829503407,4,1,2019,0.30106295091887697,7,55,90,below_5d_high_5,none,fixed_5d,RT>=55<90|ex=below_5d_high_5|px=none|exit=fixed_5d,144,0.1336158204624257
s005041,41,0.12870662460567822,4.975609756097561,0.6097560975609756,0.0069863161346587575,0.011979770630519327,0.31788492046004313,0.044863085934678804,-0.07020339608894591,-0.03507663801293174,2.1421373173483453,,0.6390443829503407,4,1,2019,0.30106295091887697,7,55,100,below_5d_high_5,none,fixed_5d,RT>=55<100|ex=below_5d_high_5|px=none|exit=fixed_5d,144,0.1336158204624257
s000841,56,0.1747634069400631,4.946428571428571,0.6071428571428571,0.00781569065758546,0.007954790913305055,0.4881264886424739,0.06524155988840352,-0.08719956332143966,-0.060510341917388945,1.9108906668474974,,0.7481867729991561,3,1,2019,0.5528412643463623,7,55,70,none,drawdown_60d_below_5pct,fixed_5d,RT>=55<70|ex=none|px=drawdown_60d_below_5pct|exit=fixed_5d,187,0.11521106415275076
s000226,39,0.12113564668769716,4.923076923076923,0.6410256410256411,0.007230868873852749,0.011756148530939392,0.30080935320932434,0.04269883814687869,-0.07263434869807775,-0.060510341917388945,1.7817275720377281,,0.5878601365913908,4,1,2019,0.3020294822875462,7,55,None,down_1d,drawdown_60d_below_5pct,fixed_5d,RT>=55<None|ex=down_1d|px=drawdown_60d_below_5pct|exit=fixed_5d,112,0.11373666315797434
s003901,39,0.12113564668769716,4.923076923076923,0.6410256410256411,0.007230868873852749,0.011756148530939392,0.30080935320932434,0.04269883814687869,-0.07263434869807775,-0.060510341917388945,1.7817275720377281,,0.5878601365913908,4,1,2019,0.3020294822875462,7,55,90,down_1d,drawdown_60d_below_5pct,fixed_5d,RT>=55<90|ex=down_1d|px=drawdown_60d_below_5pct|exit=fixed_5d,112,0.11373666315797434
s004651,39,0.12113564668769716,4.923076923076923,0.6410256410256411,0.007230868873852749,0.011756148530939392,0.30080935320932434,0.04269883814687869,-0.07263434869807775,-0.060510341917388945,1.7817275720377281,,0.5878601365913908,4,1,2019,0.3020294822875462,7,55,100,down_1d,drawdown_60d_below_5pct,fixed_5d,RT>=55<100|ex=down_1d|px=drawdown_60d_below_5pct|exit=fixed_5d,112,0.11373666315797434
s008574,46,0.11167192429022083,3.847826086956522,0.6086956521739131,0.005800096508870382,0.0016583188391607554,0.28965283355595584,0.0412718611325531,-0.06280617272128633,-0.029466387114005656,2.341604754332638,,0.6571306504490314,2,1,2019,0.6240723620059774,7,65,None,none,none,close_below_ma20,RT>=65<None|ex=none|px=none|exit=close_below_ma20,132,0.11151673661110556
s009699,46,0.11167192429022083,3.847826086956522,0.6086956521739131,0.005800096508870382,0.0016583188391607554,0.28965283355595584,0.0412718611325531,-0.06280617272128633,-0.029466387114005656,2.341604754332638,,0.6571306504490314,2,1,2019,0.6240723620059774,7,65,90,none,none,close_below_ma20,RT>=65<90|ex=none|px=none|exit=close_below_ma20,131,0.11151673661110556
s009969,46,0.11167192429022083,3.847826086956522,0.6086956521739131,0.005800096508870382,0.0016583188391607554,0.28965283355595584,0.0412718611325531,-0.06280617272128633,-0.029466387114005656,2.341604754332638,,0.6571306504490314,2,1,2019,0.6240723620059774,7,65,100,none,none,close_below_ma20,RT>=65<100|ex=none|px=none|exit=close_below_ma20,132,0.11151673661110556
s000751,70,0.21829652996845425,4.942857142857143,0.6142857142857143,0.006272401773972263,0.008316721627443758,0.4858340878954339,0.06498049313483323,-0.0903595076535301,-0.060510341917388945,1.7446561117289876,,0.7191328817769916,3,1,2019,0.6141847595936976,7,55,70,none,none,fixed_5d,RT>=55<70|ex=none|px=none|exit=fixed_5d,248,0.10985546123122998
s009158,43,0.09589905362776026,3.5348837209302326,0.5581395348837209,0.007828538500402842,0.0018849462289635913,0.38290494424729693,0.05289399300407083,-0.06280617272128633,-0.03593908655231507,2.496279091062174,,0.8421782559303115,3,1,2019,0.5502456487954025,7,65,80,none,none,close_below_ma10,RT>=65<80|ex=none|px=none|exit=close_below_ma10,113,0.10940238841081416
s001486,39,0.11987381703470032,4.871794871794871,0.5641025641025641,0.010171251838245104,0.0025523723193769613,0.4356014585111465,0.05917300279091475,-0.0687245077630381,-0.04747497707050278,2.2155649029412836,,0.8610174844022616,7,1,2019,0.6111388220063365,7,55,75,none,up_day,fixed_5d,RT>=55<75|ex=none|px=up_day|exit=fixed_5d,122,0.10538765144060608
s000031,40,0.12302839116719243,4.875,0.575,0.009660013791018909,0.009097385871386055,0.41556525932067023,0.05680880993285875,-0.0687245077630381,-0.04830739845445934,1.9926186553545202,,0.8266164688837839,7,1,2019,0.5967573871642041,7,55,None,none,up_day,fixed_5d,RT>=55<None|ex=none|px=up_day|exit=fixed_5d,127,0.09947920558968384
s002221,40,0.12302839116719243,4.875,0.575,0.009660013791018909,0.009097385871386055,0.41556525932067023,0.05680880993285875,-0.0687245077630381,-0.04830739845445934,1.9926186553545202,,0.8266164688837839,7,1,2019,0.5967573871642041,7,55,80,none,up_day,fixed_5d,RT>=55<80|ex=none|px=up_day|exit=fixed_5d,124,0.09947920558968384
s002956,40,0.12302839116719243,4.875,0.575,0.009660013791018909,0.009097385871386055,0.41556525932067023,0.05680880993285875,-0.0687245077630381,-0.04830739845445934,1.9926186553545202,,0.8266164688837839,7,1,2019,0.5967573871642041,7,55,85,none,up_day,fixed_5d,RT>=55<85|ex=none|px=up_day|exit=fixed_5d,127,0.09947920558968384
s003706,40,0.12302839116719243,4.875,0.575,0.009660013791018909,0.009097385871386055,0.41556525932067023,0.05680880993285875,-0.0687245077630381,-0.04830739845445934,1.9926186553545202,,0.8266164688837839,7,1,2019,0.5967573871642041,7,55,90,none,up_day,fixed_5d,RT>=55<90|ex=none|px=up_day|exit=fixed_5d,127,0.09947920558968384
s004456,40,0.12302839116719243,4.875,0.575,0.009660013791018909,0.009097385871386055,0.41556525932067023,0.05680880993285875,-0.0687245077630381,-0.04830739845445934,1.9926186553545202,,0.8266164688837839,7,1,2019,0.5967573871642041,7,55,100,none,up_day,fixed_5d,RT>=55<100|ex=none|px=up_day|exit=fixed_5d,127,0.09947920558968384
s009159,41,0.10914826498422713,4.219512195121951,0.5609756097560976,0.007457419180899051,0.0010237475466212346,0.3396918128222488,0.04759297556918951,-0.06280617272128633,-0.029466387114005656,2.741946560771776,,0.7577754463783661,2,1,2019,0.5592003502981596,7,65,80,none,none,close_below_ma20,RT>=65<80|ex=none|px=none|exit=close_below_ma20,113,0.09895931935292526
s008656,33,0.10220820189274447,4.909090909090909,0.6363636363636364,0.00837774758977558,0.010580913764092615,0.29989852887597745,0.04258272562818166,-0.07955768931567644,-0.053814760299102295,2.050497596160629,,0.5352433686103921,2,1,2019,0.3409531823850152,7,65,None,none,drawdown_60d_below_5pct,fixed_5d,RT>=65<None|ex=none|px=drawdown_60d_below_5pct|exit=fixed_5d,120,0.095414681449924
s009781,33,0.10220820189274447,4.909090909090909,0.6363636363636364,0.00837774758977558,0.010580913764092615,0.29989852887597745,0.04258272562818166,-0.07955768931567644,-0.053814760299102295,2.050497596160629,,0.5352433686103921,2,1,2019,0.3409531823850152,7,65,90,none,drawdown_60d_below_5pct,fixed_5d,RT>=65<90|ex=none|px=drawdown_60d_below_5pct|exit=fixed_5d,119,0.095414681449924
s010051,33,0.10220820189274447,4.909090909090909,0.6363636363636364,0.00837774758977558,0.010580913764092615,0.29989852887597745,0.04258272562818166,-0.07955768931567644,-0.053814760299102295,2.050497596160629,,0.5352433686103921,2,1,2019,0.3409531823850152,7,65,100,none,drawdown_60d_below_5pct,fixed_5d,RT>=65<100|ex=none|px=drawdown_60d_below_5pct|exit=fixed_5d,120,0.095414681449924
s008573,47,0.09905362776025237,3.3404255319148937,0.574468085106383,0.0061766646915301085,0.00231227663859831,0.3218282110335673,0.04535952526178266,-0.06280617272128633,-0.029686088285525693,2.175616088219373,,0.7222144463900658,3,1,2019,0.5894722839797693,7,65,None,none,none,close_below_ma10,RT>=65<None|ex=none|px=none|exit=close_below_ma10,132,0.07837701601294456
s009698,47,0.09905362776025237,3.3404255319148937,0.574468085106383,0.0061766646915301085,0.00231227663859831,0.3218282110335673,0.04535952526178266,-0.06280617272128633,-0.029686088285525693,2.175616088219373,,0.7222144463900658,3,1,2019,0.5894722839797693,7,65,90,none,none,close_below_ma10,RT>=65<90|ex=none|px=none|exit=close_below_ma10,131,0.07837701601294456
s009968,47,0.09905362776025237,3.3404255319148937,0.574468085106383,0.0061766646915301085,0.00231227663859831,0.3218282110335673,0.04535952526178266,-0.06280617272128633,-0.029686088285525693,2.175616088219373,,0.7222144463900658,3,1,2019,0.5894722839797693,7,65,100,none,none,close_below_ma10,RT>=65<100|ex=none|px=none|exit=close_below_ma10,132,0.07837701601294456
s001546,58,0.1810725552050473,4.948275862068965,0.5517241379310345,0.007879420563214348,0.005127363395643092,0.5127001101129456,0.06801905251815499,-0.08719956332143966,-0.060510341917388945,1.9026675742723016,,0.7800389122066993,4,1,2019,0.4264966684513471,7,55,75,none,drawdown_60d_below_5pct,fixed_5d,RT>=55<75|ex=none|px=drawdown_60d_below_5pct|exit=fixed_5d,230,0.059357226742459204
s008904,40,0.10788643533123028,4.275,0.55,0.007127186449512199,0.0010160679118697783,0.3126533959250155,0.04420253311866329,-0.06280617272128633,-0.029466387114005656,2.665089608268288,,0.7037928153148253,2,1,2019,0.536367989580757,7,65,75,none,none,close_below_ma20,RT>=65<75|ex=none|px=none|exit=close_below_ma20,106,0.05882458845297569
s000014,38,0.3640378548895899,15.18421052631579,0.631578947368421,0.012391337486326006,0.008791552268050363,0.4874147545735741,0.06516054130512416,-0.1099939367525278,-0.08010404091476445,1.873347096901352,,0.5924012107297059,3,1,2019,0.6264676515936516,7,55,None,none,none,max20_risk_below_35_tp10_sl5,RT>=55<None|ex=none|px=none|exit=max20_risk_below_35_tp10_sl5,322,0.04646092147788154
s003689,38,0.3640378548895899,15.18421052631579,0.631578947368421,0.012391337486326006,0.008791552268050363,0.4874147545735741,0.06516054130512416,-0.1099939367525278,-0.08010404091476445,1.873347096901352,,0.5924012107297059,3,1,2019,0.6264676515936516,7,55,90,none,none,max20_risk_below_35_tp10_sl5,RT>=55<90|ex=none|px=none|exit=max20_risk_below_35_tp10_sl5,321,0.04646092147788154
s004439,38,0.3640378548895899,15.18421052631579,0.631578947368421,0.012391337486326006,0.008791552268050363,0.4874147545735741,0.06516054130512416,-0.1099939367525278,-0.08010404091476445,1.873347096901352,,0.5924012107297059,3,1,2019,0.6264676515936516,7,55,100,none,none,max20_risk_below_35_tp10_sl5,RT>=55<100|ex=none|px=none|exit=max20_risk_below_35_tp10_sl5,322,0.04646092147788154
s002191,72,0.2252365930599369,4.958333333333333,0.5833333333333334,0.005328123444464661,0.007954790913305055,0.4001833180487093,0.054974629143371256,-0.0903595076535301,-0.060510341917388945,1.5712830666193647,,0.6083989451797721,3,1,2019,0.31257979109525685,7,55,80,none,none,fixed_5d,RT>=55<80|ex=none|px=none|exit=fixed_5d,303,0.04527753133765904
s002939,38,0.3634069400630915,15.157894736842104,0.631578947368421,0.01232798810405567,0.008791552268050363,0.48406537211264156,0.06477883388053174,-0.1099939367525278,-0.08010404091476445,1.8688822036517454,,0.5889309519512496,3,1,2019,0.6290176568077044,7,55,85,none,none,max20_risk_below_35_tp10_sl5,RT>=55<85|ex=none|px=none|exit=max20_risk_below_35_tp10_sl5,316,0.04356493504437472
s005671,52,0.1640378548895899,5.0,0.6153846153846154,0.009422228616320659,0.009167069340247547,0.564130010882554,0.07371135111381277,-0.11950625035090226,-0.08918372180898296,2.093447405026433,,0.6167991288938994,3,1,2019,0.6081545943985854,7,60,70,none,none,fixed_5d,RT>=60<70|ex=none|px=none|exit=fixed_5d,144,0.016289738582589308
s001456,72,0.2252365930599369,4.958333333333333,0.5555555555555556,0.005787845028643894,0.007369292116358362,0.45029243322692025,0.0608889097166645,-0.0903595076535301,-0.060510341917388945,1.6826119596243523,,0.6738517207301952,4,1,2019,0.456990207970936,7,55,75,none,none,fixed_5d,RT>=55<75|ex=none|px=none|exit=fixed_5d,296,0.01465403076605569
s006091,55,0.17350157728706625,5.0,0.5818181818181818,0.009315664715010342,0.00639255656420753,0.5944109613223505,0.07698964034179001,-0.11950625035090226,-0.08918372180898296,2.054014738303579,,0.6442310767489389,3,1,2019,0.5477297638721785,7,60,75,none,none,fixed_5d,RT>=60<75|ex=none|px=none|exit=fixed_5d,192,-0.013163114078362292
s002204,38,0.3634069400630915,15.157894736842104,0.631578947368421,0.010858633253823854,0.010129585171269018,0.40420212463661565,0.055455470637284954,-0.1099939367525278,-0.08010404091476445,1.7302807357144878,,0.5041684321386971,3,1,2019,0.5952779471461551,7,55,80,none,none,max20_risk_below_35_tp10_sl5,RT>=55<80|ex=none|px=none|exit=max20_risk_below_35_tp10_sl5,303,-0.013712820171128653
s000091,59,0.18422712933753943,4.9491525423728815,0.576271186440678,0.0066657562444117436,0.007204846658469955,0.4140302665350828,0.056626528573260115,-0.09380602956629872,-0.08213466739593503,1.6718895482853402,,0.6036555308338525,5,1,2019,0.3770096173651529,7,55,None,none,drawdown_60d_below_5pct,fixed_5d,RT>=55<None|ex=none|px=drawdown_60d_below_5pct|exit=fixed_5d,255,-0.018596559528716514
s003766,59,0.18422712933753943,4.9491525423728815,0.576271186440678,0.0066657562444117436,0.007204846658469955,0.4140302665350828,0.056626528573260115,-0.09380602956629872,-0.08213466739593503,1.6718895482853402,,0.6036555308338525,5,1,2019,0.3770096173651529,7,55,90,none,drawdown_60d_below_5pct,fixed_5d,RT>=55<90|ex=none|px=drawdown_60d_below_5pct|exit=fixed_5d,254,-0.018596559528716514
s004516,59,0.18422712933753943,4.9491525423728815,0.576271186440678,0.0066657562444117436,0.007204846658469955,0.4140302665350828,0.056626528573260115,-0.09380602956629872,-0.08213466739593503,1.6718895482853402,,0.6036555308338525,5,1,2019,0.3770096173651529,7,55,100,none,drawdown_60d_below_5pct,fixed_5d,RT>=55<100|ex=none|px=drawdown_60d_below_5pct|exit=fixed_5d,255,-0.018596559528716514
s003016,59,0.18422712933753943,4.9491525423728815,0.576271186440678,0.006632495883882198,0.007204846658469955,0.41137094231627125,0.05631033788050499,-0.09380602956629872,-0.08213466739593503,1.668536997157966,,0.6002848445974027,5,1,2019,0.37821621225338714,7,55,85,none,drawdown_60d_below_5pct,fixed_5d,RT>=55<85|ex=none|px=drawdown_60d_below_5pct|exit=fixed_5d,249,-0.02065831019410055
s000764,36,0.34132492113564666,15.027777777777779,0.6111111111111112,0.011024014726553245,0.010035042752444235,0.39098352891684773,0.05386950933063783,-0.10550338176704058,-0.07853053223554998,1.7877245257298198,,0.510595095895464,3,1,2019,0.6481363842362415,7,55,70,none,none,max20_risk_below_35_tp10_sl5,RT>=55<70|ex=none|px=none|exit=max20_risk_below_35_tp10_sl5,248,-0.04320245128011552
s001469,38,0.36845425867507886,15.368421052631579,0.6052631578947368,0.010840676662251785,0.008791552268050363,0.4007006486810363,0.05503659167036301,-0.1099939367525278,-0.08010404091476445,1.6950879468783588,,0.5003602316206598,3,1,2019,0.5359268119786101,7,55,75,none,none,max20_risk_below_35_tp10_sl5,RT>=55<75|ex=none|px=none|exit=max20_risk_below_35_tp10_sl5,296,-0.05180929384835792
s000766,48,0.14826498422712933,4.895833333333333,0.625,0.008314319771573974,0.007447662488396867,0.4364466380276957,0.05927211924558118,-0.11950625035090226,-0.08918372180898296,2.078822498637007,,0.4959750562965737,5,1,2019,0.6957410774516313,7,55,70,none,not_5d_low,fixed_5d,RT>=55<70|ex=none|px=not_5d_low|exit=fixed_5d,160,-0.06180146663048836
s000016,50,0.15457413249211358,4.9,0.58,0.009160207084535004,0.007267881710485613,0.5140003186941211,0.06816495193255512,-0.11950625035090226,-0.08918372180898296,2.0520245918503806,,0.5703881741114345,4,1,2019,0.5378692362868119,7,55,None,none,not_5d_low,fixed_5d,RT>=55<None|ex=none|px=not_5d_low|exit=fixed_5d,195,-0.06344977519806183
s002206,50,0.15457413249211358,4.9,0.58,0.009160207084535004,0.007267881710485613,0.5140003186941211,0.06816495193255512,-0.11950625035090226,-0.08918372180898296,2.0520245918503806,,0.5703881741114345,4,1,2019,0.5378692362868119,7,55,80,none,not_5d_low,fixed_5d,RT>=55<80|ex=none|px=not_5d_low|exit=fixed_5d,191,-0.06344977519806183
s002941,50,0.15457413249211358,4.9,0.58,0.009160207084535004,0.007267881710485613,0.5140003186941211,0.06816495193255512,-0.11950625035090226,-0.08918372180898296,2.0520245918503806,,0.5703881741114345,4,1,2019,0.5378692362868119,7,55,85,none,not_5d_low,fixed_5d,RT>=55<85|ex=none|px=not_5d_low|exit=fixed_5d,195,-0.06344977519806183
s003691,50,0.15457413249211358,4.9,0.58,0.009160207084535004,0.007267881710485613,0.5140003186941211,0.06816495193255512,-0.11950625035090226,-0.08918372180898296,2.0520245918503806,,0.5703881741114345,4,1,2019,0.5378692362868119,7,55,90,none,not_5d_low,fixed_5d,RT>=55<90|ex=none|px=not_5d_low|exit=fixed_5d,195,-0.06344977519806183
s004441,50,0.15457413249211358,4.9,0.58,0.009160207084535004,0.007267881710485613,0.5140003186941211,0.06816495193255512,-0.11950625035090226,-0.08918372180898296,2.0520245918503806,,0.5703881741114345,4,1,2019,0.5378692362868119,7,55,100,none,not_5d_low,fixed_5d,RT>=55<100|ex=none|px=not_5d_low|exit=fixed_5d,195,-0.06344977519806183
s006586,55,0.17350157728706625,5.0,0.6,0.00678010132233078,0.007533737574246769,0.3843486668577376,0.05306867847172225,-0.11950625035090226,-0.08918372180898296,1.6245711021082667,,0.4440661330758721,3,1,2019,0.30529349668232464,7,60,80,none,none,fixed_5d,RT>=60<80|ex=none|px=none|exit=fixed_5d,199,-0.09492116047844588
s005176,56,0.17665615141955837,5.0,0.5892857142857143,0.0066289887357164545,0.006597241315381275,0.37382318595096087,0.051791601048194025,-0.11950625035090226,-0.08918372180898296,1.5510860532303674,,0.43337985164893095,4,1,2019,0.29936365879820537,7,60,None,none,none,fixed_5d,RT>=60<None|ex=none|px=none|exit=fixed_5d,218,-0.11970299017704458
s007576,56,0.17665615141955837,5.0,0.5892857142857143,0.0066289887357164545,0.006597241315381275,0.37382318595096087,0.051791601048194025,-0.11950625035090226,-0.08918372180898296,1.5510860532303674,,0.43337985164893095,4,1,2019,0.29936365879820537,7,60,90,none,none,fixed_5d,RT>=60<90|ex=none|px=none|exit=fixed_5d,217,-0.11970299017704458
s008071,56,0.17665615141955837,5.0,0.5892857142857143,0.0066289887357164545,0.006597241315381275,0.37382318595096087,0.051791601048194025,-0.11950625035090226,-0.08918372180898296,1.5510860532303674,,0.43337985164893095,4,1,2019,0.29936365879820537,7,60,100,none,none,fixed_5d,RT>=60<100|ex=none|px=none|exit=fixed_5d,218,-0.11970299017704458
s007081,56,0.17665615141955837,5.0,0.5892857142857143,0.006593946570158541,0.006597241315381275,0.3712394779800441,0.0514768571855555,-0.11950625035090226,-0.08918372180898296,1.548172901694914,,0.4307461495478747,4,1,2019,0.30098957729621256,7,60,85,none,none,fixed_5d,RT>=60<85|ex=none|px=none|exit=fixed_5d,212,-0.1217622870974332
s000767,33,0.20441640378548895,9.818181818181818,0.6060606060606061,0.008647863505401138,0.010685002239156438,0.30340792154732354,0.04302973004342836,-0.11950625035090226,-0.07188080733222182,1.9498078874237939,,0.3600625901748367,3,1,2019,0.43831431553737327,7,55,70,none,not_5d_low,fixed_10d,RT>=55<70|ex=none|px=not_5d_low|exit=fixed_10d,160,-0.1333084083811851
s001472,34,0.2107255520504732,9.823529411764707,0.5588235294117647,0.009411427206958704,0.005766567750270147,0.34469806569203154,0.04821440285680345,-0.11950625035090226,-0.07188080733222182,1.9682125988833858,,0.40344670437933655,4,1,2019,0.3762342627199144,7,55,75,none,not_5d_low,fixed_10d,RT>=55<75|ex=none|px=not_5d_low|exit=fixed_10d,187,-0.1685992700836457
s000017,34,0.2107255520504732,9.823529411764707,0.5588235294117647,0.008046072503926848,0.0022270339645265817,0.2845516314234071,0.04061592940264247,-0.11950625035090226,-0.07188080733222182,1.8277499892971703,,0.33986447807862147,4,1,2019,0.4317832274832059,7,55,None,none,not_5d_low,fixed_10d,RT>=55<None|ex=none|px=not_5d_low|exit=fixed_10d,195,-0.23007774997861824
s002207,34,0.2107255520504732,9.823529411764707,0.5588235294117647,0.008046072503926848,0.0022270339645265817,0.2845516314234071,0.04061592940264247,-0.11950625035090226,-0.07188080733222182,1.8277499892971703,,0.33986447807862147,4,1,2019,0.4317832274832059,7,55,80,none,not_5d_low,fixed_10d,RT>=55<80|ex=none|px=not_5d_low|exit=fixed_10d,191,-0.23007774997861824
s002942,34,0.2107255520504732,9.823529411764707,0.5588235294117647,0.008046072503926848,0.0022270339645265817,0.2845516314234071,0.04061592940264247,-0.11950625035090226,-0.07188080733222182,1.8277499892971703,,0.33986447807862147,4,1,2019,0.4317832274832059,7,55,85,none,not_5d_low,fixed_10d,RT>=55<85|ex=none|px=not_5d_low|exit=fixed_10d,195,-0.23007774997861824
s003692,34,0.2107255520504732,9.823529411764707,0.5588235294117647,0.008046072503926848,0.0022270339645265817,0.2845516314234071,0.04061592940264247,-0.11950625035090226,-0.07188080733222182,1.8277499892971703,,0.33986447807862147,4,1,2019,0.4317832274832059,7,55,90,none,not_5d_low,fixed_10d,RT>=55<90|ex=none|px=not_5d_low|exit=fixed_10d,195,-0.23007774997861824
s004442,34,0.2107255520504732,9.823529411764707,0.5588235294117647,0.008046072503926848,0.0022270339645265817,0.2845516314234071,0.04061592940264247,-0.11950625035090226,-0.07188080733222182,1.8277499892971703,,0.33986447807862147,4,1,2019,0.4317832274832059,7,55,100,none,not_5d_low,fixed_10d,RT>=55<100|ex=none|px=not_5d_low|exit=fixed_10d,195,-0.23007774997861824
