valuation_time,trade_date,month_symbol,month,contract,cp,strike,expiry_date,dte,bid,ask,last,bid_vol,ask_vol,open_interest,mid,spread_abs,spread_pct,valid_quote,valid_reason,source
2026-07-14T17:30:54+08:00,2026-07-14,io2608,2026-08,io2608c4200,C,4200.0,2026-08-21,38,525.4,546.6,541.0,1,1,110,536.0,21.200000000000045,0.03955223880597023,True,OK,SINA_AKSHARE_REALTIME_MONTH
2026-07-14T17:30:54+08:00,2026-07-14,io2608,2026-08,io2608p4200,P,4200.0,2026-08-21,38,8.6,8.8,8.8,5,5,1638,8.7,0.20000000000000107,0.02298850574712656,True,OK,SINA_AKSHARE_REALTIME_MONTH
2026-07-14T17:30:54+08:00,2026-07-14,io2608,2026-08,io2608c4250,C,4250.0,2026-08-21,38,482.6,494.4,495.2,2,1,83,488.5,11.799999999999955,0.024155578300921094,True,OK,SINA_AKSHARE_REALTIME_MONTH
2026-07-14T17:30:54+08:00,2026-07-14,io2608,2026-08,io2608p4250,P,4250.0,2026-08-21,38,11.6,12.2,12.0,1,7,714,11.899999999999999,0.5999999999999996,0.050420168067226864,True,OK,SINA_AKSHARE_REALTIME_MONTH
2026-07-14T17:30:54+08:00,2026-07-14,io2608,2026-08,io2608c4300,C,4300.0,2026-08-21,38,438.4,448.2,450.0,1,1,118,443.29999999999995,9.800000000000011,0.022106925332731814,True,OK,SINA_AKSHARE_REALTIME_MONTH
2026-07-14T17:30:54+08:00,2026-07-14,io2608,2026-08,io2608p4300,P,4300.0,2026-08-21,38,15.6,15.8,15.8,1,2,817,15.7,0.20000000000000107,0.012738853503184782,True,OK,SINA_AKSHARE_REALTIME_MONTH
2026-07-14T17:30:54+08:00,2026-07-14,io2608,2026-08,io2608c4350,C,4350.0,2026-08-21,38,392.6,403.0,394.2,1,1,97,397.8,10.399999999999977,0.026143790849673144,True,OK,SINA_AKSHARE_REALTIME_MONTH
2026-07-14T17:30:54+08:00,2026-07-14,io2608,2026-08,io2608p4350,P,4350.0,2026-08-21,38,20.0,20.2,19.0,3,2,918,20.1,0.1999999999999993,0.009950248756218869,True,OK,SINA_AKSHARE_REALTIME_MONTH
2026-07-14T17:30:54+08:00,2026-07-14,io2608,2026-08,io2608c4400,C,4400.0,2026-08-21,38,347.6,359.2,361.0,1,1,247,353.4,11.599999999999966,0.032823995472552256,True,OK,SINA_AKSHARE_REALTIME_MONTH
2026-07-14T17:30:54+08:00,2026-07-14,io2608,2026-08,io2608p4400,P,4400.0,2026-08-21,38,26.0,27.0,26.4,1,3,1860,26.5,1.0,0.03773584905660377,True,OK,SINA_AKSHARE_REALTIME_MONTH
2026-07-14T17:30:54+08:00,2026-07-14,io2608,2026-08,io2608c4450,C,4450.0,2026-08-21,38,306.0,317.2,317.6,1,1,97,311.6,11.199999999999989,0.0359435173299101,True,OK,SINA_AKSHARE_REALTIME_MONTH
2026-07-14T17:30:54+08:00,2026-07-14,io2608,2026-08,io2608p4450,P,4450.0,2026-08-21,38,33.6,34.6,33.8,2,1,1029,34.1,1.0,0.029325513196480937,True,OK,SINA_AKSHARE_REALTIME_MONTH
2026-07-14T17:30:54+08:00,2026-07-14,io2608,2026-08,io2608c4500,C,4500.0,2026-08-21,38,265.6,277.2,280.2,1,1,441,271.4,11.599999999999966,0.042741341193809755,True,OK,SINA_AKSHARE_REALTIME_MONTH
2026-07-14T17:30:54+08:00,2026-07-14,io2608,2026-08,io2608p4500,P,4500.0,2026-08-21,38,43.6,44.0,43.8,1,1,1622,43.8,0.3999999999999986,0.00913242009132417,True,OK,SINA_AKSHARE_REALTIME_MONTH
2026-07-14T17:30:54+08:00,2026-07-14,io2608,2026-08,io2608c4550,C,4550.0,2026-08-21,38,232.0,236.2,237.2,1,1,169,234.1,4.199999999999989,0.017941050832977312,True,OK,SINA_AKSHARE_REALTIME_MONTH
2026-07-14T17:30:54+08:00,2026-07-14,io2608,2026-08,io2608p4550,P,4550.0,2026-08-21,38,54.6,55.0,55.0,1,3,1206,54.8,0.3999999999999986,0.007299270072992675,True,OK,SINA_AKSHARE_REALTIME_MONTH
2026-07-14T17:30:54+08:00,2026-07-14,io2608,2026-08,io2608c4600,C,4600.0,2026-08-21,38,205.0,205.2,205.0,1,1,344,205.1,0.19999999999998863,0.0009751340809360733,True,OK,SINA_AKSHARE_REALTIME_MONTH
2026-07-14T17:30:54+08:00,2026-07-14,io2608,2026-08,io2608p4600,P,4600.0,2026-08-21,38,69.8,72.2,70.0,1,1,1477,71.0,2.4000000000000057,0.03380281690140853,True,OK,SINA_AKSHARE_REALTIME_MONTH
2026-07-14T17:30:54+08:00,2026-07-14,io2608,2026-08,io2608c4650,C,4650.0,2026-08-21,38,163.8,169.6,170.0,1,1,259,166.7,5.799999999999983,0.034793041391721555,True,OK,SINA_AKSHARE_REALTIME_MONTH
2026-07-14T17:30:54+08:00,2026-07-14,io2608,2026-08,io2608p4650,P,4650.0,2026-08-21,38,87.8,89.2,86.0,1,1,1141,88.5,1.4000000000000057,0.015819209039548088,True,OK,SINA_AKSHARE_REALTIME_MONTH
2026-07-14T17:30:54+08:00,2026-07-14,io2608,2026-08,io2608c4700,C,4700.0,2026-08-21,38,139.6,142.0,142.0,2,2,1503,140.8,2.4000000000000057,0.017045454545454586,True,OK,SINA_AKSHARE_REALTIME_MONTH
2026-07-14T17:30:54+08:00,2026-07-14,io2608,2026-08,io2608p4700,P,4700.0,2026-08-21,38,108.6,111.8,107.2,3,1,1428,110.19999999999999,3.200000000000003,0.029038112522686055,True,OK,SINA_AKSHARE_REALTIME_MONTH
2026-07-14T17:30:54+08:00,2026-07-14,io2608,2026-08,io2608c4750,C,4750.0,2026-08-21,38,115.8,116.2,116.0,1,1,1580,116.0,0.4000000000000057,0.0034482758620690145,True,OK,SINA_AKSHARE_REALTIME_MONTH
2026-07-14T17:30:54+08:00,2026-07-14,io2608,2026-08,io2608p4750,P,4750.0,2026-08-21,38,133.4,137.6,132.2,1,1,1872,135.5,4.199999999999989,0.030996309963099548,True,OK,SINA_AKSHARE_REALTIME_MONTH
2026-07-14T17:30:54+08:00,2026-07-14,io2608,2026-08,io2608c4800,C,4800.0,2026-08-21,38,94.4,94.6,94.4,8,17,2791,94.5,0.19999999999998863,0.002116402116401996,True,OK,SINA_AKSHARE_REALTIME_MONTH
2026-07-14T17:30:54+08:00,2026-07-14,io2608,2026-08,io2608p4800,P,4800.0,2026-08-21,38,161.0,165.6,161.2,1,1,2110,163.3,4.599999999999994,0.028169014084507005,True,OK,SINA_AKSHARE_REALTIME_MONTH
2026-07-14T17:30:54+08:00,2026-07-14,io2608,2026-08,io2608c4850,C,4850.0,2026-08-21,38,73.0,75.6,75.0,1,1,1678,74.3,2.5999999999999943,0.034993270524898985,True,OK,SINA_AKSHARE_REALTIME_MONTH
2026-07-14T17:30:54+08:00,2026-07-14,io2608,2026-08,io2608p4850,P,4850.0,2026-08-21,38,192.6,197.0,189.8,1,1,939,194.8,4.400000000000006,0.022587268993839865,True,OK,SINA_AKSHARE_REALTIME_MONTH
2026-07-14T17:30:54+08:00,2026-07-14,io2608,2026-08,io2608c4900,C,4900.0,2026-08-21,38,56.4,58.8,58.6,2,1,3153,57.599999999999994,2.3999999999999986,0.041666666666666644,True,OK,SINA_AKSHARE_REALTIME_MONTH
2026-07-14T17:30:54+08:00,2026-07-14,io2608,2026-08,io2608p4900,P,4900.0,2026-08-21,38,226.4,232.0,226.6,1,1,798,229.2,5.599999999999994,0.024432809773123884,True,OK,SINA_AKSHARE_REALTIME_MONTH
2026-07-14T17:30:54+08:00,2026-07-14,io2608,2026-08,io2608c4950,C,4950.0,2026-08-21,38,46.4,46.8,46.4,2,2,2019,46.599999999999994,0.3999999999999986,0.008583690987124434,True,OK,SINA_AKSHARE_REALTIME_MONTH
2026-07-14T17:30:54+08:00,2026-07-14,io2608,2026-08,io2608p4950,P,4950.0,2026-08-21,38,262.0,269.8,259.8,1,1,295,265.9,7.800000000000011,0.029334336216622837,True,OK,SINA_AKSHARE_REALTIME_MONTH
2026-07-14T17:30:54+08:00,2026-07-14,io2608,2026-08,io2608c5000,C,5000.0,2026-08-21,38,37.0,37.2,37.0,3,3,4235,37.1,0.20000000000000284,0.005390835579514901,True,OK,SINA_AKSHARE_REALTIME_MONTH
2026-07-14T17:30:54+08:00,2026-07-14,io2608,2026-08,io2608p5000,P,5000.0,2026-08-21,38,302.4,313.8,303.2,1,1,734,308.1,11.400000000000034,0.03700097370983458,True,OK,SINA_AKSHARE_REALTIME_MONTH
2026-07-14T17:30:54+08:00,2026-07-14,io2608,2026-08,io2608c5100,C,5100.0,2026-08-21,38,21.4,22.2,22.2,1,14,3412,21.799999999999997,0.8000000000000007,0.036697247706422055,True,OK,SINA_AKSHARE_REALTIME_MONTH
2026-07-14T17:30:54+08:00,2026-07-14,io2608,2026-08,io2608p5100,P,5100.0,2026-08-21,38,388.4,399.6,389.4,1,1,196,394.0,11.200000000000045,0.02842639593908641,True,OK,SINA_AKSHARE_REALTIME_MONTH
2026-07-14T17:30:54+08:00,2026-07-14,io2608,2026-08,io2608c5200,C,5200.0,2026-08-21,38,14.2,14.6,14.6,1,2,2578,14.399999999999999,0.40000000000000036,0.027777777777777804,True,OK,SINA_AKSHARE_REALTIME_MONTH
2026-07-14T17:30:54+08:00,2026-07-14,io2608,2026-08,io2608p5200,P,5200.0,2026-08-21,38,480.4,491.2,484.8,1,1,107,485.79999999999995,10.800000000000011,0.02223137093454099,True,OK,SINA_AKSHARE_REALTIME_MONTH
2026-07-14T17:30:54+08:00,2026-07-14,io2608,2026-08,io2608c5300,C,5300.0,2026-08-21,38,9.2,9.4,9.4,13,1,1473,9.3,0.20000000000000107,0.021505376344086134,True,OK,SINA_AKSHARE_REALTIME_MONTH
2026-07-14T17:30:54+08:00,2026-07-14,io2608,2026-08,io2608p5300,P,5300.0,2026-08-21,38,567.8,591.0,588.0,1,1,81,579.4,23.200000000000045,0.04004142216085614,True,OK,SINA_AKSHARE_REALTIME_MONTH
2026-07-14T17:30:54+08:00,2026-07-14,io2608,2026-08,io2608c5400,C,5400.0,2026-08-21,38,6.4,6.8,6.8,2,1,915,6.6,0.39999999999999947,0.06060606060606053,True,OK,SINA_AKSHARE_REALTIME_MONTH
2026-07-14T17:30:54+08:00,2026-07-14,io2608,2026-08,io2608p5400,P,5400.0,2026-08-21,38,664.8,688.4,757.8,1,1,78,676.5999999999999,23.600000000000023,0.03488028377180022,True,OK,SINA_AKSHARE_REALTIME_MONTH
2026-07-14T17:30:54+08:00,2026-07-14,io2608,2026-08,io2608c5500,C,5500.0,2026-08-21,38,5.2,5.4,5.2,2,4,1612,5.300000000000001,0.20000000000000018,0.0377358490566038,True,OK,SINA_AKSHARE_REALTIME_MONTH
2026-07-14T17:30:54+08:00,2026-07-14,io2608,2026-08,io2608p5500,P,5500.0,2026-08-21,38,763.0,787.4,796.0,1,1,80,775.2,24.399999999999977,0.031475748194014413,True,OK,SINA_AKSHARE_REALTIME_MONTH
2026-07-14T17:30:54+08:00,2026-07-14,io2608,2026-08,io2608c5600,C,5600.0,2026-08-21,38,3.8,4.0,3.8,1,35,896,3.9,0.20000000000000018,0.05128205128205133,True,OK,SINA_AKSHARE_REALTIME_MONTH
2026-07-14T17:30:54+08:00,2026-07-14,io2608,2026-08,io2608p5600,P,5600.0,2026-08-21,38,861.8,886.2,895.0,1,1,44,874.0,24.40000000000009,0.027917620137299877,True,OK,SINA_AKSHARE_REALTIME_MONTH
2026-07-14T17:30:54+08:00,2026-07-14,io2609,2026-09,io2609c3900,C,3900.0,2026-09-18,66,803.0,825.2,819.8,1,1,215,814.1,22.200000000000045,0.02726937722638502,True,OK,SINA_AKSHARE_REALTIME_MONTH
2026-07-14T17:30:54+08:00,2026-07-14,io2609,2026-09,io2609p3900,P,3900.0,2026-09-18,66,11.6,12.4,12.4,1,1,656,12.0,0.8000000000000007,0.06666666666666672,True,OK,SINA_AKSHARE_REALTIME_MONTH
2026-07-14T17:30:54+08:00,2026-07-14,io2609,2026-09,io2609c4000,C,4000.0,2026-09-18,66,709.2,729.8,719.0,1,1,234,719.5,20.59999999999991,0.02863099374565658,True,OK,SINA_AKSHARE_REALTIME_MONTH
2026-07-14T17:30:54+08:00,2026-07-14,io2609,2026-09,io2609p4000,P,4000.0,2026-09-18,66,15.8,16.0,16.0,3,3,1388,15.9,0.1999999999999993,0.012578616352201213,True,OK,SINA_AKSHARE_REALTIME_MONTH
2026-07-14T17:30:54+08:00,2026-07-14,io2609,2026-09,io2609c4100,C,4100.0,2026-09-18,66,617.6,637.0,629.4,1,1,156,627.3,19.399999999999977,0.030926191614857292,True,OK,SINA_AKSHARE_REALTIME_MONTH
2026-07-14T17:30:54+08:00,2026-07-14,io2609,2026-09,io2609p4100,P,4100.0,2026-09-18,66,23.0,24.4,22.8,1,1,991,23.7,1.3999999999999986,0.05907172995780585,True,OK,SINA_AKSHARE_REALTIME_MONTH
2026-07-14T17:30:54+08:00,2026-07-14,io2609,2026-09,io2609c4200,C,4200.0,2026-09-18,66,528.0,543.8,517.0,1,1,290,535.9,15.799999999999955,0.02948311252099264,True,OK,SINA_AKSHARE_REALTIME_MONTH
2026-07-14T17:30:54+08:00,2026-07-14,io2609,2026-09,io2609p4200,P,4200.0,2026-09-18,66,32.8,33.6,33.6,1,2,2200,33.2,0.8000000000000043,0.0240963855421688,True,OK,SINA_AKSHARE_REALTIME_MONTH
2026-07-14T17:30:54+08:00,2026-07-14,io2609,2026-09,io2609c4250,C,4250.0,2026-09-18,66,485.4,495.4,454.8,2,1,35,490.4,10.0,0.020391517128874388,True,OK,SINA_AKSHARE_REALTIME_MONTH
2026-07-14T17:30:54+08:00,2026-07-14,io2609,2026-09,io2609p4250,P,4250.0,2026-09-18,66,39.6,41.2,39.4,1,3,365,40.400000000000006,1.6000000000000014,0.03960396039603963,True,OK,SINA_AKSHARE_REALTIME_MONTH
2026-07-14T17:30:54+08:00,2026-07-14,io2609,2026-09,io2609c4300,C,4300.0,2026-09-18,66,443.0,453.4,456.0,2,1,281,448.2,10.399999999999977,0.0232039268183846,True,OK,SINA_AKSHARE_REALTIME_MONTH
2026-07-14T17:30:54+08:00,2026-07-14,io2609,2026-09,io2609p4300,P,4300.0,2026-09-18,66,47.4,47.8,47.2,1,1,2649,47.599999999999994,0.3999999999999986,0.008403361344537787,True,OK,SINA_AKSHARE_REALTIME_MONTH
2026-07-14T17:30:54+08:00,2026-07-14,io2609,2026-09,io2609c4350,C,4350.0,2026-09-18,66,402.2,412.2,416.0,1,1,47,407.2,10.0,0.024557956777996073,True,OK,SINA_AKSHARE_REALTIME_MONTH
2026-07-14T17:30:54+08:00,2026-07-14,io2609,2026-09,io2609p4350,P,4350.0,2026-09-18,66,54.6,58.0,56.0,1,1,317,56.3,3.3999999999999986,0.06039076376554172,True,OK,SINA_AKSHARE_REALTIME_MONTH
2026-07-14T17:30:54+08:00,2026-07-14,io2609,2026-09,io2609c4400,C,4400.0,2026-09-18,66,362.0,373.0,363.8,1,1,516,367.5,11.0,0.029931972789115645,True,OK,SINA_AKSHARE_REALTIME_MONTH
2026-07-14T17:30:54+08:00,2026-07-14,io2609,2026-09,io2609p4400,P,4400.0,2026-09-18,66,65.0,69.2,69.0,1,2,1694,67.1,4.200000000000003,0.06259314456035772,True,OK,SINA_AKSHARE_REALTIME_MONTH
2026-07-14T17:30:54+08:00,2026-07-14,io2609,2026-09,io2609c4450,C,4450.0,2026-09-18,66,325.0,335.6,332.2,1,1,48,330.3,10.600000000000023,0.03209203754162889,True,OK,SINA_AKSHARE_REALTIME_MONTH
2026-07-14T17:30:54+08:00,2026-07-14,io2609,2026-09,io2609p4450,P,4450.0,2026-09-18,66,76.8,80.6,77.0,1,1,213,78.69999999999999,3.799999999999997,0.048284625158830974,True,OK,SINA_AKSHARE_REALTIME_MONTH
2026-07-14T17:30:54+08:00,2026-07-14,io2609,2026-09,io2609c4500,C,4500.0,2026-09-18,66,295.0,300.0,300.2,2,1,1759,297.5,5.0,0.01680672268907563,True,OK,SINA_AKSHARE_REALTIME_MONTH
2026-07-14T17:30:54+08:00,2026-07-14,io2609,2026-09,io2609p4500,P,4500.0,2026-09-18,66,91.8,94.4,90.8,1,1,1932,93.1,2.6000000000000085,0.027926960257787417,True,OK,SINA_AKSHARE_REALTIME_MONTH
2026-07-14T17:30:54+08:00,2026-07-14,io2609,2026-09,io2609c4550,C,4550.0,2026-09-18,66,258.2,267.2,261.0,1,1,74,262.7,9.0,0.03425961172440046,True,OK,SINA_AKSHARE_REALTIME_MONTH
2026-07-14T17:30:54+08:00,2026-07-14,io2609,2026-09,io2609p4550,P,4550.0,2026-09-18,66,107.2,112.0,106.8,1,1,299,109.6,4.799999999999997,0.04379562043795618,True,OK,SINA_AKSHARE_REALTIME_MONTH
2026-07-14T17:30:54+08:00,2026-07-14,io2609,2026-09,io2609c4600,C,4600.0,2026-09-18,66,228.4,233.2,234.8,1,1,1787,230.8,4.799999999999983,0.020797227036395072,True,OK,SINA_AKSHARE_REALTIME_MONTH
2026-07-14T17:30:54+08:00,2026-07-14,io2609,2026-09,io2609p4600,P,4600.0,2026-09-18,66,125.6,132.4,125.2,1,1,2297,129.0,6.800000000000011,0.05271317829457373,True,OK,SINA_AKSHARE_REALTIME_MONTH
2026-07-14T17:30:54+08:00,2026-07-14,io2609,2026-09,io2609c4650,C,4650.0,2026-09-18,66,199.2,204.8,206.2,1,1,128,202.0,5.600000000000023,0.027722772277227834,True,OK,SINA_AKSHARE_REALTIME_MONTH
2026-07-14T17:30:54+08:00,2026-07-14,io2609,2026-09,io2609p4650,P,4650.0,2026-09-18,66,147.2,154.0,147.2,1,1,314,150.6,6.800000000000011,0.045152722443559175,True,OK,SINA_AKSHARE_REALTIME_MONTH
2026-07-14T17:30:54+08:00,2026-07-14,io2609,2026-09,io2609c4700,C,4700.0,2026-09-18,66,177.0,178.0,182.0,1,1,9625,177.5,1.0,0.005633802816901409,True,OK,SINA_AKSHARE_REALTIME_MONTH
2026-07-14T17:30:54+08:00,2026-07-14,io2609,2026-09,io2609p4700,P,4700.0,2026-09-18,66,171.8,178.4,171.0,1,1,3368,175.10000000000002,6.599999999999994,0.03769274700171327,True,OK,SINA_AKSHARE_REALTIME_MONTH
2026-07-14T17:30:54+08:00,2026-07-14,io2609,2026-09,io2609c4750,C,4750.0,2026-09-18,66,150.2,156.0,157.4,1,1,263,153.1,5.800000000000011,0.03788373612018296,True,OK,SINA_AKSHARE_REALTIME_MONTH
2026-07-14T17:30:54+08:00,2026-07-14,io2609,2026-09,io2609p4750,P,4750.0,2026-09-18,66,197.8,202.4,196.2,1,1,246,200.10000000000002,4.599999999999994,0.022988505747126405,True,OK,SINA_AKSHARE_REALTIME_MONTH
2026-07-14T17:30:54+08:00,2026-07-14,io2609,2026-09,io2609c4800,C,4800.0,2026-09-18,66,133.4,135.4,134.8,1,1,3268,134.4,2.0,0.01488095238095238,True,OK,SINA_AKSHARE_REALTIME_MONTH
2026-07-14T17:30:54+08:00,2026-07-14,io2609,2026-09,io2609p4800,P,4800.0,2026-09-18,66,227.0,231.4,226.0,1,1,1234,229.2,4.400000000000006,0.019197207678883096,True,OK,SINA_AKSHARE_REALTIME_MONTH
2026-07-14T17:30:54+08:00,2026-07-14,io2609,2026-09,io2609c4850,C,4850.0,2026-09-18,66,115.6,117.2,118.2,4,1,390,116.4,1.6000000000000085,0.013745704467354024,True,OK,SINA_AKSHARE_REALTIME_MONTH
2026-07-14T17:30:54+08:00,2026-07-14,io2609,2026-09,io2609p4850,P,4850.0,2026-09-18,66,255.4,263.2,257.0,1,1,305,259.3,7.799999999999983,0.030080987273428395,True,OK,SINA_AKSHARE_REALTIME_MONTH
2026-07-14T17:30:54+08:00,2026-07-14,io2609,2026-09,io2609c4900,C,4900.0,2026-09-18,66,97.6,102.2,101.0,1,2,1971,99.9,4.6000000000000085,0.046046046046046125,True,OK,SINA_AKSHARE_REALTIME_MONTH
2026-07-14T17:30:54+08:00,2026-07-14,io2609,2026-09,io2609p4900,P,4900.0,2026-09-18,66,288.8,301.8,304.4,1,2,919,295.3,13.0,0.04402302742973247,True,OK,SINA_AKSHARE_REALTIME_MONTH
2026-07-14T17:30:54+08:00,2026-07-14,io2609,2026-09,io2609c4950,C,4950.0,2026-09-18,66,83.4,86.0,87.4,1,1,348,84.7,2.5999999999999943,0.03069657615112154,True,OK,SINA_AKSHARE_REALTIME_MONTH
2026-07-14T17:30:54+08:00,2026-07-14,io2609,2026-09,io2609p4950,P,4950.0,2026-09-18,66,324.8,337.8,334.4,1,1,87,331.3,13.0,0.039239360096589196,True,OK,SINA_AKSHARE_REALTIME_MONTH
2026-07-14T17:30:54+08:00,2026-07-14,io2609,2026-09,io2609c5000,C,5000.0,2026-09-18,66,71.2,76.4,75.4,2,1,3839,73.80000000000001,5.200000000000003,0.07046070460704609,True,OK,SINA_AKSHARE_REALTIME_MONTH
2026-07-14T17:30:54+08:00,2026-07-14,io2609,2026-09,io2609p5000,P,5000.0,2026-09-18,66,363.8,375.0,359.2,1,1,961,369.4,11.199999999999989,0.030319436924742798,True,OK,SINA_AKSHARE_REALTIME_MONTH
2026-07-14T17:30:54+08:00,2026-07-14,io2609,2026-09,io2609c5100,C,5100.0,2026-09-18,66,52.8,55.4,55.2,1,1,743,54.099999999999994,2.6000000000000014,0.04805914972273571,True,OK,SINA_AKSHARE_REALTIME_MONTH
2026-07-14T17:30:54+08:00,2026-07-14,io2609,2026-09,io2609p5100,P,5100.0,2026-09-18,66,444.2,455.6,495.6,1,1,76,449.9,11.400000000000034,0.025338964214269916,True,OK,SINA_AKSHARE_REALTIME_MONTH
2026-07-14T17:30:54+08:00,2026-07-14,io2609,2026-09,io2609c5200,C,5200.0,2026-09-18,66,40.2,41.6,41.4,1,1,2789,40.900000000000006,1.3999999999999986,0.03422982885085571,True,OK,SINA_AKSHARE_REALTIME_MONTH
2026-07-14T17:30:54+08:00,2026-07-14,io2609,2026-09,io2609p5200,P,5200.0,2026-09-18,66,527.0,544.2,525.6,1,1,332,535.6,17.200000000000045,0.032113517550410836,True,OK,SINA_AKSHARE_REALTIME_MONTH
2026-07-14T17:30:54+08:00,2026-07-14,io2609,2026-09,io2609c5300,C,5300.0,2026-09-18,66,29.8,31.4,31.6,1,1,728,30.6,1.5999999999999979,0.05228758169934633,True,OK,SINA_AKSHARE_REALTIME_MONTH
2026-07-14T17:30:54+08:00,2026-07-14,io2609,2026-09,io2609p5300,P,5300.0,2026-09-18,66,613.0,633.8,710.8,1,1,115,623.4,20.799999999999955,0.03336541546358671,True,OK,SINA_AKSHARE_REALTIME_MONTH
2026-07-14T17:30:54+08:00,2026-07-14,io2609,2026-09,io2609c5400,C,5400.0,2026-09-18,66,24.6,24.8,24.6,14,1,4827,24.700000000000003,0.1999999999999993,0.008097165991902805,True,OK,SINA_AKSHARE_REALTIME_MONTH
2026-07-14T17:30:54+08:00,2026-07-14,io2609,2026-09,io2609p5400,P,5400.0,2026-09-18,66,705.8,728.2,751.8,1,1,638,717.0,22.40000000000009,0.03124128312412844,True,OK,SINA_AKSHARE_REALTIME_MONTH
2026-07-14T17:30:54+08:00,2026-07-14,io2609,2026-09,io2609c5500,C,5500.0,2026-09-18,66,18.2,18.6,19.0,2,1,589,18.4,0.40000000000000213,0.021739130434782726,True,OK,SINA_AKSHARE_REALTIME_MONTH
2026-07-14T17:30:54+08:00,2026-07-14,io2609,2026-09,io2609p5500,P,5500.0,2026-09-18,66,800.8,821.8,893.2,1,1,135,811.3,21.0,0.025884383088869718,True,OK,SINA_AKSHARE_REALTIME_MONTH
2026-07-14T17:30:54+08:00,2026-07-14,io2609,2026-09,io2609c5600,C,5600.0,2026-09-18,66,14.8,15.4,15.8,3,1,2204,15.100000000000001,0.5999999999999996,0.03973509933774832,True,OK,SINA_AKSHARE_REALTIME_MONTH
2026-07-14T17:30:54+08:00,2026-07-14,io2609,2026-09,io2609p5600,P,5600.0,2026-09-18,66,897.4,919.0,904.0,1,1,416,908.2,21.600000000000023,0.02378330764148868,True,OK,SINA_AKSHARE_REALTIME_MONTH
2026-07-14T17:30:54+08:00,2026-07-14,io2612,2026-12,io2612c3900,C,3900.0,2026-12-18,157,742.8,778.2,749.0,1,1,221,760.5,35.40000000000009,0.04654832347140051,True,OK,SINA_AKSHARE_REALTIME_MONTH
2026-07-14T17:30:54+08:00,2026-07-14,io2612,2026-12,io2612p3900,P,3900.0,2026-12-18,157,35.2,36.8,35.2,1,1,1068,36.0,1.5999999999999943,0.04444444444444429,True,OK,SINA_AKSHARE_REALTIME_MONTH
2026-07-14T17:30:54+08:00,2026-07-14,io2612,2026-12,io2612c4000,C,4000.0,2026-12-18,157,655.6,691.6,655.0,1,1,232,673.6,36.0,0.05344418052256532,True,OK,SINA_AKSHARE_REALTIME_MONTH
2026-07-14T17:30:54+08:00,2026-07-14,io2612,2026-12,io2612p4000,P,4000.0,2026-12-18,157,47.2,49.0,47.4,1,1,391,48.1,1.7999999999999972,0.03742203742203736,True,OK,SINA_AKSHARE_REALTIME_MONTH
2026-07-14T17:30:54+08:00,2026-07-14,io2612,2026-12,io2612c4100,C,4100.0,2026-12-18,157,572.2,609.2,585.6,1,1,264,590.7,37.0,0.06263754867106822,True,OK,SINA_AKSHARE_REALTIME_MONTH
2026-07-14T17:30:54+08:00,2026-07-14,io2612,2026-12,io2612p4100,P,4100.0,2026-12-18,157,61.2,67.0,63.8,3,1,1223,64.1,5.799999999999997,0.09048361934477375,True,OK,SINA_AKSHARE_REALTIME_MONTH
2026-07-14T17:30:54+08:00,2026-07-14,io2612,2026-12,io2612c4200,C,4200.0,2026-12-18,157,504.6,519.4,508.2,1,1,185,512.0,14.799999999999955,0.02890624999999991,True,OK,SINA_AKSHARE_REALTIME_MONTH
2026-07-14T17:30:54+08:00,2026-07-14,io2612,2026-12,io2612p4200,P,4200.0,2026-12-18,157,81.8,86.6,84.0,1,2,765,84.19999999999999,4.799999999999997,0.05700712589073632,True,OK,SINA_AKSHARE_REALTIME_MONTH
2026-07-14T17:30:54+08:00,2026-07-14,io2612,2026-12,io2612c4300,C,4300.0,2026-12-18,157,432.0,447.6,433.0,1,1,177,439.8,15.600000000000023,0.03547066848567536,True,OK,SINA_AKSHARE_REALTIME_MONTH
2026-07-14T17:30:54+08:00,2026-07-14,io2612,2026-12,io2612p4300,P,4300.0,2026-12-18,157,108.2,115.4,110.0,1,1,732,111.80000000000001,7.200000000000003,0.06440071556350628,True,OK,SINA_AKSHARE_REALTIME_MONTH
2026-07-14T17:30:54+08:00,2026-07-14,io2612,2026-12,io2612c4400,C,4400.0,2026-12-18,157,365.2,381.8,382.6,2,1,411,373.5,16.600000000000023,0.04444444444444451,True,OK,SINA_AKSHARE_REALTIME_MONTH
2026-07-14T17:30:54+08:00,2026-07-14,io2612,2026-12,io2612p4400,P,4400.0,2026-12-18,157,138.4,148.8,143.4,2,1,1006,143.60000000000002,10.400000000000006,0.07242339832869084,True,OK,SINA_AKSHARE_REALTIME_MONTH
2026-07-14T17:30:54+08:00,2026-07-14,io2612,2026-12,io2612c4500,C,4500.0,2026-12-18,157,307.6,322.4,319.0,1,1,941,315.0,14.799999999999955,0.04698412698412684,True,OK,SINA_AKSHARE_REALTIME_MONTH
2026-07-14T17:30:54+08:00,2026-07-14,io2612,2026-12,io2612p4500,P,4500.0,2026-12-18,157,179.0,188.2,181.6,1,2,1254,183.6,9.199999999999989,0.050108932461873576,True,OK,SINA_AKSHARE_REALTIME_MONTH
2026-07-14T17:30:54+08:00,2026-07-14,io2612,2026-12,io2612c4600,C,4600.0,2026-12-18,157,258.6,268.2,264.8,1,1,1247,263.4,9.599999999999966,0.036446469248291445,True,OK,SINA_AKSHARE_REALTIME_MONTH
2026-07-14T17:30:54+08:00,2026-07-14,io2612,2026-12,io2612p4600,P,4600.0,2026-12-18,157,228.2,235.6,228.8,1,1,893,231.89999999999998,7.400000000000006,0.03191030616645108,True,OK,SINA_AKSHARE_REALTIME_MONTH
2026-07-14T17:30:54+08:00,2026-07-14,io2612,2026-12,io2612c4700,C,4700.0,2026-12-18,157,223.6,223.8,220.0,3,1,974,223.7,0.20000000000001705,0.0008940545373268532,True,OK,SINA_AKSHARE_REALTIME_MONTH
2026-07-14T17:30:54+08:00,2026-07-14,io2612,2026-12,io2612p4700,P,4700.0,2026-12-18,157,277.8,295.6,287.6,1,1,702,286.70000000000005,17.80000000000001,0.062085803976281856,True,OK,SINA_AKSHARE_REALTIME_MONTH
2026-07-14T17:30:54+08:00,2026-07-14,io2612,2026-12,io2612c4800,C,4800.0,2026-12-18,157,178.0,187.2,185.2,2,1,942,182.6,9.199999999999989,0.050383351588170804,True,OK,SINA_AKSHARE_REALTIME_MONTH
2026-07-14T17:30:54+08:00,2026-07-14,io2612,2026-12,io2612p4800,P,4800.0,2026-12-18,157,340.2,358.2,345.2,1,1,509,349.2,18.0,0.051546391752577324,True,OK,SINA_AKSHARE_REALTIME_MONTH
2026-07-14T17:30:54+08:00,2026-07-14,io2612,2026-12,io2612c4900,C,4900.0,2026-12-18,157,148.0,156.8,147.4,2,1,863,152.4,8.800000000000011,0.05774278215223105,True,OK,SINA_AKSHARE_REALTIME_MONTH
2026-07-14T17:30:54+08:00,2026-07-14,io2612,2026-12,io2612p4900,P,4900.0,2026-12-18,157,409.4,427.0,420.0,1,1,230,418.2,17.600000000000023,0.04208512673362033,True,OK,SINA_AKSHARE_REALTIME_MONTH
2026-07-14T17:30:54+08:00,2026-07-14,io2612,2026-12,io2612c5000,C,5000.0,2026-12-18,157,123.2,131.4,131.0,1,1,1152,127.30000000000001,8.200000000000003,0.06441476826394346,True,OK,SINA_AKSHARE_REALTIME_MONTH
2026-07-14T17:30:54+08:00,2026-07-14,io2612,2026-12,io2612p5000,P,5000.0,2026-12-18,157,483.8,501.0,520.0,1,1,235,492.4,17.19999999999999,0.034930950446791204,True,OK,SINA_AKSHARE_REALTIME_MONTH
2026-07-14T17:30:54+08:00,2026-07-14,io2612,2026-12,io2612c5200,C,5200.0,2026-12-18,157,87.6,90.2,91.4,1,1,1168,88.9,2.6000000000000085,0.029246344206974223,True,OK,SINA_AKSHARE_REALTIME_MONTH
2026-07-14T17:30:54+08:00,2026-07-14,io2612,2026-12,io2612p5200,P,5200.0,2026-12-18,157,633.6,673.0,681.2,1,1,346,653.3,39.39999999999998,0.060309199448951446,True,OK,SINA_AKSHARE_REALTIME_MONTH
2026-07-14T17:30:54+08:00,2026-07-14,io2612,2026-12,io2612c5400,C,5400.0,2026-12-18,157,64.6,65.6,64.8,1,1,1749,65.1,1.0,0.015360983102918589,True,OK,SINA_AKSHARE_REALTIME_MONTH
2026-07-14T17:30:54+08:00,2026-07-14,io2612,2026-12,io2612p5400,P,5400.0,2026-12-18,157,871.4,912.8,873.6,1,1,529,892.0999999999999,41.39999999999998,0.046407353435713464,True,OK,SINA_AKSHARE_REALTIME_MONTH
2026-07-14T17:30:54+08:00,2026-07-14,io2612,2026-12,io2612c5600,C,5600.0,2026-12-18,157,47.2,47.8,47.6,1,1,2167,47.5,0.5999999999999943,0.012631578947368301,True,OK,SINA_AKSHARE_REALTIME_MONTH
2026-07-14T17:30:54+08:00,2026-07-14,io2612,2026-12,io2612p5600,P,5600.0,2026-12-18,157,1051.8,1096.8,1071.4,1,1,279,1074.3,45.0,0.041887740854509914,True,OK,SINA_AKSHARE_REALTIME_MONTH
