valuation_time,trade_date,month_symbol,month,contract,cp,strike,expiry_date,dte,bid,ask,last,bid_vol,ask_vol,open_interest,mid,spread_abs,spread_pct,valid_quote,valid_reason,source
2026-10-08T10:47:09+08:00,2026-10-08,io2610,2026-10,io2610c3900,C,3900.0,2026-10-16,8,442.4,445.0,445.0,6,7,13,443.7,2.6000000000000227,0.005859815190444045,True,OK,SINA_AKSHARE_REALTIME_MONTH
2026-10-08T10:47:09+08:00,2026-10-08,io2610,2026-10,io2610p3900,P,3900.0,2026-10-16,8,0.2,0.4,0.2,150,7,329,0.30000000000000004,0.2,0.6666666666666666,False,WIDE_SPREAD,SINA_AKSHARE_REALTIME_MONTH
2026-10-08T10:47:09+08:00,2026-10-08,io2610,2026-10,io2610c3950,C,3950.0,2026-10-16,8,392.8,395.6,412.0,12,12,30,394.20000000000005,2.8000000000000114,0.007102993404363296,True,OK,SINA_AKSHARE_REALTIME_MONTH
2026-10-08T10:47:09+08:00,2026-10-08,io2610,2026-10,io2610p3950,P,3950.0,2026-10-16,8,0.6,0.8,0.6,42,18,683,0.7,0.20000000000000007,0.2857142857142858,True,OK,SINA_AKSHARE_REALTIME_MONTH
2026-10-08T10:47:09+08:00,2026-10-08,io2610,2026-10,io2610c4000,C,4000.0,2026-10-16,8,343.2,345.8,350.0,12,6,57,344.5,2.6000000000000227,0.007547169811320821,True,OK,SINA_AKSHARE_REALTIME_MONTH
2026-10-08T10:47:09+08:00,2026-10-08,io2610,2026-10,io2610p4000,P,4000.0,2026-10-16,8,1.0,1.2,1.0,46,6,1742,1.1,0.19999999999999996,0.18181818181818177,True,OK,SINA_AKSHARE_REALTIME_MONTH
2026-10-08T10:47:09+08:00,2026-10-08,io2610,2026-10,io2610c4050,C,4050.0,2026-10-16,8,293.4,296.0,293.8,6,18,68,294.7,2.6000000000000227,0.00882253138785213,True,OK,SINA_AKSHARE_REALTIME_MONTH
2026-10-08T10:47:09+08:00,2026-10-08,io2610,2026-10,io2610p4050,P,4050.0,2026-10-16,8,0.8,1.0,1.0,39,7,1128,0.9,0.19999999999999996,0.22222222222222215,True,OK,SINA_AKSHARE_REALTIME_MONTH
2026-10-08T10:47:09+08:00,2026-10-08,io2610,2026-10,io2610c4100,C,4100.0,2026-10-16,8,244.8,246.4,245.2,6,3,180,245.60000000000002,1.5999999999999943,0.006514657980456002,True,OK,SINA_AKSHARE_REALTIME_MONTH
2026-10-08T10:47:09+08:00,2026-10-08,io2610,2026-10,io2610p4100,P,4100.0,2026-10-16,8,1.8,2.0,2.0,51,5,1824,1.9,0.19999999999999996,0.10526315789473682,True,OK,SINA_AKSHARE_REALTIME_MONTH
2026-10-08T10:47:09+08:00,2026-10-08,io2610,2026-10,io2610c4150,C,4150.0,2026-10-16,8,195.8,197.4,195.6,6,6,124,196.60000000000002,1.5999999999999943,0.008138351983723266,True,OK,SINA_AKSHARE_REALTIME_MONTH
2026-10-08T10:47:09+08:00,2026-10-08,io2610,2026-10,io2610p4150,P,4150.0,2026-10-16,8,3.0,3.2,3.0,25,80,1372,3.1,0.20000000000000018,0.06451612903225812,True,OK,SINA_AKSHARE_REALTIME_MONTH
2026-10-08T10:47:09+08:00,2026-10-08,io2610,2026-10,io2610c4200,C,4200.0,2026-10-16,8,149.0,150.6,149.6,6,15,881,149.8,1.5999999999999943,0.010680907877169521,True,OK,SINA_AKSHARE_REALTIME_MONTH
2026-10-08T10:47:09+08:00,2026-10-08,io2610,2026-10,io2610p4200,P,4200.0,2026-10-16,8,5.8,6.2,6.0,98,39,2093,6.0,0.40000000000000036,0.06666666666666672,True,OK,SINA_AKSHARE_REALTIME_MONTH
2026-10-08T10:47:09+08:00,2026-10-08,io2610,2026-10,io2610c4250,C,4250.0,2026-10-16,8,104.6,105.8,104.8,6,12,558,105.19999999999999,1.2000000000000028,0.011406844106463906,True,OK,SINA_AKSHARE_REALTIME_MONTH
2026-10-08T10:47:09+08:00,2026-10-08,io2610,2026-10,io2610p4250,P,4250.0,2026-10-16,8,11.2,11.6,11.4,47,10,2364,11.399999999999999,0.40000000000000036,0.03508771929824565,True,OK,SINA_AKSHARE_REALTIME_MONTH
2026-10-08T10:47:09+08:00,2026-10-08,io2610,2026-10,io2610c4300,C,4300.0,2026-10-16,8,66.2,66.8,67.0,6,6,2391,66.5,0.5999999999999943,0.009022556390977357,True,OK,SINA_AKSHARE_REALTIME_MONTH
2026-10-08T10:47:09+08:00,2026-10-08,io2610,2026-10,io2610p4300,P,4300.0,2026-10-16,8,22.6,23.2,22.8,17,15,4127,22.9,0.5999999999999979,0.026200873362445323,True,OK,SINA_AKSHARE_REALTIME_MONTH
2026-10-08T10:47:09+08:00,2026-10-08,io2610,2026-10,io2610c4350,C,4350.0,2026-10-16,8,36.0,36.8,36.6,25,9,3240,36.4,0.7999999999999972,0.0219780219780219,True,OK,SINA_AKSHARE_REALTIME_MONTH
2026-10-08T10:47:09+08:00,2026-10-08,io2610,2026-10,io2610p4350,P,4350.0,2026-10-16,8,42.6,43.2,42.8,9,6,3644,42.900000000000006,0.6000000000000014,0.013986013986014017,True,OK,SINA_AKSHARE_REALTIME_MONTH
2026-10-08T10:47:09+08:00,2026-10-08,io2610,2026-10,io2610c4400,C,4400.0,2026-10-16,8,17.8,18.2,18.0,8,18,4367,18.0,0.3999999999999986,0.022222222222222143,True,OK,SINA_AKSHARE_REALTIME_MONTH
2026-10-08T10:47:09+08:00,2026-10-08,io2610,2026-10,io2610p4400,P,4400.0,2026-10-16,8,73.8,74.6,74.4,13,6,5013,74.19999999999999,0.7999999999999972,0.010781671159029614,True,OK,SINA_AKSHARE_REALTIME_MONTH
2026-10-08T10:47:09+08:00,2026-10-08,io2610,2026-10,io2610c4450,C,4450.0,2026-10-16,8,8.0,8.4,8.2,93,30,4043,8.2,0.40000000000000036,0.0487804878048781,True,OK,SINA_AKSHARE_REALTIME_MONTH
2026-10-08T10:47:09+08:00,2026-10-08,io2610,2026-10,io2610p4450,P,4450.0,2026-10-16,8,114.0,115.2,115.2,17,7,4044,114.6,1.2000000000000028,0.0104712041884817,True,OK,SINA_AKSHARE_REALTIME_MONTH
2026-10-08T10:47:09+08:00,2026-10-08,io2610,2026-10,io2610c4500,C,4500.0,2026-10-16,8,3.8,4.0,4.0,29,52,9793,3.9,0.20000000000000018,0.05128205128205133,True,OK,SINA_AKSHARE_REALTIME_MONTH
2026-10-08T10:47:09+08:00,2026-10-08,io2610,2026-10,io2610p4500,P,4500.0,2026-10-16,8,159.8,161.0,160.8,1,6,3743,160.4,1.1999999999999886,0.007481296758104667,True,OK,SINA_AKSHARE_REALTIME_MONTH
2026-10-08T10:47:09+08:00,2026-10-08,io2610,2026-10,io2610c4550,C,4550.0,2026-10-16,8,2.2,2.4,2.2,56,88,7723,2.3,0.19999999999999973,0.08695652173913032,True,OK,SINA_AKSHARE_REALTIME_MONTH
2026-10-08T10:47:09+08:00,2026-10-08,io2610,2026-10,io2610p4550,P,4550.0,2026-10-16,8,208.0,209.4,208.8,6,6,1749,208.7,1.4000000000000057,0.006708193579300459,True,OK,SINA_AKSHARE_REALTIME_MONTH
2026-10-08T10:47:09+08:00,2026-10-08,io2610,2026-10,io2610c4600,C,4600.0,2026-10-16,8,1.2,1.4,1.2,45,34,7456,1.2999999999999998,0.19999999999999996,0.15384615384615383,True,OK,SINA_AKSHARE_REALTIME_MONTH
2026-10-08T10:47:09+08:00,2026-10-08,io2610,2026-10,io2610p4600,P,4600.0,2026-10-16,8,256.6,258.6,257.4,3,6,1301,257.6,2.0,0.007763975155279502,True,OK,SINA_AKSHARE_REALTIME_MONTH
2026-10-08T10:47:09+08:00,2026-10-08,io2610,2026-10,io2610c4650,C,4650.0,2026-10-16,8,0.8,1.0,0.8,18,57,3333,0.9,0.19999999999999996,0.22222222222222215,True,OK,SINA_AKSHARE_REALTIME_MONTH
2026-10-08T10:47:09+08:00,2026-10-08,io2610,2026-10,io2610p4650,P,4650.0,2026-10-16,8,305.4,308.2,298.0,6,18,588,306.79999999999995,2.8000000000000114,0.009126466753585437,True,OK,SINA_AKSHARE_REALTIME_MONTH
2026-10-08T10:47:09+08:00,2026-10-08,io2610,2026-10,io2610c4700,C,4700.0,2026-10-16,8,0.8,1.0,1.0,27,76,3962,0.9,0.19999999999999996,0.22222222222222215,True,OK,SINA_AKSHARE_REALTIME_MONTH
2026-10-08T10:47:09+08:00,2026-10-08,io2610,2026-10,io2610p4700,P,4700.0,2026-10-16,8,355.0,358.0,351.8,12,6,433,356.5,3.0,0.008415147265077139,True,OK,SINA_AKSHARE_REALTIME_MONTH
2026-10-08T10:47:09+08:00,2026-10-08,io2610,2026-10,io2610c4750,C,4750.0,2026-10-16,8,0.6,0.8,0.6,18,48,1540,0.7,0.20000000000000007,0.2857142857142858,True,OK,SINA_AKSHARE_REALTIME_MONTH
2026-10-08T10:47:09+08:00,2026-10-08,io2610,2026-10,io2610p4750,P,4750.0,2026-10-16,8,405.0,407.8,405.6,6,6,213,406.4,2.8000000000000114,0.006889763779527588,True,OK,SINA_AKSHARE_REALTIME_MONTH
2026-10-08T10:47:09+08:00,2026-10-08,io2610,2026-10,io2610c4800,C,4800.0,2026-10-16,8,0.6,0.8,0.8,45,40,3513,0.7,0.20000000000000007,0.2857142857142858,True,OK,SINA_AKSHARE_REALTIME_MONTH
2026-10-08T10:47:09+08:00,2026-10-08,io2610,2026-10,io2610p4800,P,4800.0,2026-10-16,8,454.8,458.0,433.8,18,6,337,456.4,3.1999999999999886,0.007011393514460974,True,OK,SINA_AKSHARE_REALTIME_MONTH
2026-10-08T10:47:09+08:00,2026-10-08,io2610,2026-10,io2610c4850,C,4850.0,2026-10-16,8,0.4,0.6,0.6,51,22,836,0.5,0.19999999999999996,0.3999999999999999,True,OK,SINA_AKSHARE_REALTIME_MONTH
2026-10-08T10:47:09+08:00,2026-10-08,io2610,2026-10,io2610p4850,P,4850.0,2026-10-16,8,504.6,508.0,488.8,6,12,230,506.3,3.3999999999999773,0.006715386134702701,True,OK,SINA_AKSHARE_REALTIME_MONTH
2026-10-08T10:47:09+08:00,2026-10-08,io2610,2026-10,io2610c4900,C,4900.0,2026-10-16,8,0.4,0.6,0.4,48,45,1160,0.5,0.19999999999999996,0.3999999999999999,True,OK,SINA_AKSHARE_REALTIME_MONTH
2026-10-08T10:47:09+08:00,2026-10-08,io2610,2026-10,io2610p4900,P,4900.0,2026-10-16,8,555.0,558.0,538.8,6,12,276,556.5,3.0,0.005390835579514825,True,OK,SINA_AKSHARE_REALTIME_MONTH
2026-10-08T10:47:09+08:00,2026-10-08,io2610,2026-10,io2610c4950,C,4950.0,2026-10-16,8,0.4,0.6,0.4,38,39,469,0.5,0.19999999999999996,0.3999999999999999,True,OK,SINA_AKSHARE_REALTIME_MONTH
2026-10-08T10:47:09+08:00,2026-10-08,io2610,2026-10,io2610p4950,P,4950.0,2026-10-16,8,589.2,606.0,602.8,1,1,85,597.6,16.799999999999955,0.02811244979919671,True,OK,SINA_AKSHARE_REALTIME_MONTH
2026-10-08T10:47:09+08:00,2026-10-08,io2610,2026-10,io2610c5000,C,5000.0,2026-10-16,8,0.4,0.6,0.6,79,49,1674,0.5,0.19999999999999996,0.3999999999999999,True,OK,SINA_AKSHARE_REALTIME_MONTH
2026-10-08T10:47:09+08:00,2026-10-08,io2610,2026-10,io2610p5000,P,5000.0,2026-10-16,8,654.4,658.2,637.0,12,12,138,656.3,3.800000000000068,0.005790035044949061,True,OK,SINA_AKSHARE_REALTIME_MONTH
2026-10-08T10:47:09+08:00,2026-10-08,io2610,2026-10,io2610c5100,C,5100.0,2026-10-16,8,0.4,0.6,0.4,63,45,969,0.5,0.19999999999999996,0.3999999999999999,True,OK,SINA_AKSHARE_REALTIME_MONTH
2026-10-08T10:47:09+08:00,2026-10-08,io2610,2026-10,io2610p5100,P,5100.0,2026-10-16,8,754.6,758.0,738.6,6,12,79,756.3,3.3999999999999773,0.004495570540790661,True,OK,SINA_AKSHARE_REALTIME_MONTH
2026-10-08T10:47:09+08:00,2026-10-08,io2610,2026-10,io2610c5200,C,5200.0,2026-10-16,8,0.4,0.6,0.4,39,65,535,0.5,0.19999999999999996,0.3999999999999999,True,OK,SINA_AKSHARE_REALTIME_MONTH
2026-10-08T10:47:09+08:00,2026-10-08,io2610,2026-10,io2610p5200,P,5200.0,2026-10-16,8,854.2,858.2,825.0,6,6,86,856.2,4.0,0.00467180565288484,True,OK,SINA_AKSHARE_REALTIME_MONTH
2026-10-08T10:47:09+08:00,2026-10-08,io2610,2026-10,io2610c5300,C,5300.0,2026-10-16,8,0.2,0.4,0.2,98,58,1032,0.30000000000000004,0.2,0.6666666666666666,False,WIDE_SPREAD,SINA_AKSHARE_REALTIME_MONTH
2026-10-08T10:47:09+08:00,2026-10-08,io2610,2026-10,io2610p5300,P,5300.0,2026-10-16,8,954.2,957.0,955.8,6,1,325,955.6,2.7999999999999545,0.002930096274591832,True,OK,SINA_AKSHARE_REALTIME_MONTH
2026-10-08T10:47:09+08:00,2026-10-08,io2611,2026-11,io2611c3900,C,3900.0,2026-11-20,43,421.6,425.6,452.8,18,6,4,423.6,4.0,0.009442870632672332,True,OK,SINA_AKSHARE_REALTIME_MONTH
2026-10-08T10:47:09+08:00,2026-10-08,io2611,2026-11,io2611p3900,P,3900.0,2026-11-20,43,7.0,7.2,7.0,5,21,360,7.1,0.20000000000000018,0.028169014084507067,True,OK,SINA_AKSHARE_REALTIME_MONTH
2026-10-08T10:47:09+08:00,2026-10-08,io2611,2026-11,io2611c3950,C,3950.0,2026-11-20,43,382.6,397.4,379.2,1,1,6,390.0,14.799999999999955,0.03794871794871783,True,OK,SINA_AKSHARE_REALTIME_MONTH
2026-10-08T10:47:09+08:00,2026-10-08,io2611,2026-11,io2611p3950,P,3950.0,2026-11-20,43,9.2,9.8,9.2,20,43,353,9.5,0.6000000000000014,0.06315789473684226,True,OK,SINA_AKSHARE_REALTIME_MONTH
2026-10-08T10:47:09+08:00,2026-10-08,io2611,2026-11,io2611c4000,C,4000.0,2026-11-20,43,327.6,331.8,334.8,12,12,39,329.70000000000005,4.199999999999989,0.012738853503184678,True,OK,SINA_AKSHARE_REALTIME_MONTH
2026-10-08T10:47:09+08:00,2026-10-08,io2611,2026-11,io2611p4000,P,4000.0,2026-11-20,43,12.8,13.0,13.0,3,10,676,12.9,0.1999999999999993,0.015503875968992192,True,OK,SINA_AKSHARE_REALTIME_MONTH
2026-10-08T10:47:09+08:00,2026-10-08,io2611,2026-11,io2611c4050,C,4050.0,2026-11-20,43,283.0,287.2,300.4,18,18,39,285.1,4.199999999999989,0.014731673097158851,True,OK,SINA_AKSHARE_REALTIME_MONTH
2026-10-08T10:47:09+08:00,2026-10-08,io2611,2026-11,io2611p4050,P,4050.0,2026-11-20,43,17.6,18.0,17.8,21,2,1143,17.8,0.3999999999999986,0.02247191011235947,True,OK,SINA_AKSHARE_REALTIME_MONTH
2026-10-08T10:47:09+08:00,2026-10-08,io2611,2026-11,io2611c4100,C,4100.0,2026-11-20,43,240.0,243.2,241.0,6,3,69,241.6,3.1999999999999886,0.013245033112582735,True,OK,SINA_AKSHARE_REALTIME_MONTH
2026-10-08T10:47:09+08:00,2026-10-08,io2611,2026-11,io2611p4100,P,4100.0,2026-11-20,43,24.0,24.6,24.4,16,16,1278,24.3,0.6000000000000014,0.024691358024691416,True,OK,SINA_AKSHARE_REALTIME_MONTH
2026-10-08T10:47:09+08:00,2026-10-08,io2611,2026-11,io2611c4150,C,4150.0,2026-11-20,43,199.6,202.0,199.4,6,12,83,200.8,2.4000000000000057,0.011952191235059789,True,OK,SINA_AKSHARE_REALTIME_MONTH
2026-10-08T10:47:09+08:00,2026-10-08,io2611,2026-11,io2611p4150,P,4150.0,2026-11-20,43,32.8,33.2,33.0,7,13,967,33.0,0.4000000000000057,0.012121212121212293,True,OK,SINA_AKSHARE_REALTIME_MONTH
2026-10-08T10:47:09+08:00,2026-10-08,io2611,2026-11,io2611c4200,C,4200.0,2026-11-20,43,162.4,164.2,164.0,6,7,260,163.3,1.799999999999983,0.011022657685241782,True,OK,SINA_AKSHARE_REALTIME_MONTH
2026-10-08T10:47:09+08:00,2026-10-08,io2611,2026-11,io2611p4200,P,4200.0,2026-11-20,43,45.0,45.6,45.2,7,8,1033,45.3,0.6000000000000014,0.013245033112582814,True,OK,SINA_AKSHARE_REALTIME_MONTH
2026-10-08T10:47:09+08:00,2026-10-08,io2611,2026-11,io2611c4250,C,4250.0,2026-11-20,43,128.4,130.0,129.0,9,16,86,129.2,1.5999999999999943,0.012383900928792527,True,OK,SINA_AKSHARE_REALTIME_MONTH
2026-10-08T10:47:09+08:00,2026-10-08,io2611,2026-11,io2611p4250,P,4250.0,2026-11-20,43,60.8,61.6,61.4,7,11,497,61.2,0.8000000000000043,0.013071895424836671,True,OK,SINA_AKSHARE_REALTIME_MONTH
2026-10-08T10:47:09+08:00,2026-10-08,io2611,2026-11,io2611c4300,C,4300.0,2026-11-20,43,99.0,100.0,98.8,2,13,1114,99.5,1.0,0.010050251256281407,True,OK,SINA_AKSHARE_REALTIME_MONTH
2026-10-08T10:47:09+08:00,2026-10-08,io2611,2026-11,io2611p4300,P,4300.0,2026-11-20,43,81.2,81.8,81.4,3,5,1553,81.5,0.5999999999999943,0.00736196319018398,True,OK,SINA_AKSHARE_REALTIME_MONTH
2026-10-08T10:47:09+08:00,2026-10-08,io2611,2026-11,io2611c4350,C,4350.0,2026-11-20,43,74.0,75.2,74.2,13,23,501,74.6,1.2000000000000028,0.016085790884718537,True,OK,SINA_AKSHARE_REALTIME_MONTH
2026-10-08T10:47:09+08:00,2026-10-08,io2611,2026-11,io2611p4350,P,4350.0,2026-11-20,43,105.8,106.8,107.0,3,9,717,106.3,1.0,0.009407337723424272,True,OK,SINA_AKSHARE_REALTIME_MONTH
2026-10-08T10:47:09+08:00,2026-10-08,io2611,2026-11,io2611c4400,C,4400.0,2026-11-20,43,54.2,55.0,54.0,21,17,1134,54.6,0.7999999999999972,0.0146520146520146,True,OK,SINA_AKSHARE_REALTIME_MONTH
2026-10-08T10:47:09+08:00,2026-10-08,io2611,2026-11,io2611p4400,P,4400.0,2026-11-20,43,135.4,136.6,137.8,3,2,867,136.0,1.1999999999999886,0.008823529411764622,True,OK,SINA_AKSHARE_REALTIME_MONTH
2026-10-08T10:47:09+08:00,2026-10-08,io2611,2026-11,io2611c4450,C,4450.0,2026-11-20,43,38.6,39.6,38.4,12,23,946,39.1,1.0,0.02557544757033248,True,OK,SINA_AKSHARE_REALTIME_MONTH
2026-10-08T10:47:09+08:00,2026-10-08,io2611,2026-11,io2611p4450,P,4450.0,2026-11-20,43,169.8,171.0,168.2,3,9,763,170.4,1.1999999999999886,0.007042253521126694,True,OK,SINA_AKSHARE_REALTIME_MONTH
2026-10-08T10:47:09+08:00,2026-10-08,io2611,2026-11,io2611c4500,C,4500.0,2026-11-20,43,27.2,27.8,27.6,9,4,1017,27.5,0.6000000000000014,0.02181818181818187,True,OK,SINA_AKSHARE_REALTIME_MONTH
2026-10-08T10:47:09+08:00,2026-10-08,io2611,2026-11,io2611p4500,P,4500.0,2026-11-20,43,208.0,209.4,210.6,3,7,605,208.7,1.4000000000000057,0.006708193579300459,True,OK,SINA_AKSHARE_REALTIME_MONTH
2026-10-08T10:47:09+08:00,2026-10-08,io2611,2026-11,io2611c4550,C,4550.0,2026-11-20,43,18.8,19.2,19.2,7,9,801,19.0,0.3999999999999986,0.021052631578947295,True,OK,SINA_AKSHARE_REALTIME_MONTH
2026-10-08T10:47:09+08:00,2026-10-08,io2611,2026-11,io2611p4550,P,4550.0,2026-11-20,43,248.8,252.4,242.0,3,7,227,250.60000000000002,3.5999999999999943,0.01436552274541099,True,OK,SINA_AKSHARE_REALTIME_MONTH
2026-10-08T10:47:09+08:00,2026-10-08,io2611,2026-11,io2611c4600,C,4600.0,2026-11-20,43,13.0,13.2,13.0,22,18,1372,13.1,0.1999999999999993,0.01526717557251903,True,OK,SINA_AKSHARE_REALTIME_MONTH
2026-10-08T10:47:09+08:00,2026-10-08,io2611,2026-11,io2611p4600,P,4600.0,2026-11-20,43,293.2,296.2,286.4,3,6,235,294.7,3.0,0.01017984390906006,True,OK,SINA_AKSHARE_REALTIME_MONTH
2026-10-08T10:47:09+08:00,2026-10-08,io2611,2026-11,io2611c4650,C,4650.0,2026-11-20,43,8.8,9.4,9.2,44,40,1065,9.100000000000001,0.5999999999999996,0.06593406593406588,True,OK,SINA_AKSHARE_REALTIME_MONTH
2026-10-08T10:47:09+08:00,2026-10-08,io2611,2026-11,io2611p4650,P,4650.0,2026-11-20,43,338.6,342.8,333.0,18,18,139,340.70000000000005,4.199999999999989,0.012327560904021097,True,OK,SINA_AKSHARE_REALTIME_MONTH
2026-10-08T10:47:09+08:00,2026-10-08,io2611,2026-11,io2611c4700,C,4700.0,2026-11-20,43,6.4,6.6,6.4,8,13,1098,6.5,0.1999999999999993,0.03076923076923066,True,OK,SINA_AKSHARE_REALTIME_MONTH
2026-10-08T10:47:09+08:00,2026-10-08,io2611,2026-11,io2611p4700,P,4700.0,2026-11-20,43,386.2,390.0,357.0,6,12,109,388.1,3.8000000000000114,0.00979129090440611,True,OK,SINA_AKSHARE_REALTIME_MONTH
2026-10-08T10:47:09+08:00,2026-10-08,io2611,2026-11,io2611c4750,C,4750.0,2026-11-20,43,4.8,5.2,5.6,25,3,598,5.0,0.40000000000000036,0.08000000000000007,True,OK,SINA_AKSHARE_REALTIME_MONTH
2026-10-08T10:47:09+08:00,2026-10-08,io2611,2026-11,io2611p4750,P,4750.0,2026-11-20,43,442.0,455.6,459.0,1,1,60,448.8,13.600000000000023,0.030303030303030352,True,OK,SINA_AKSHARE_REALTIME_MONTH
2026-10-08T10:47:09+08:00,2026-10-08,io2611,2026-11,io2611c4800,C,4800.0,2026-11-20,43,3.8,4.0,4.0,7,25,745,3.9,0.20000000000000018,0.05128205128205133,True,OK,SINA_AKSHARE_REALTIME_MONTH
2026-10-08T10:47:09+08:00,2026-10-08,io2611,2026-11,io2611p4800,P,4800.0,2026-11-20,43,482.8,487.0,459.4,12,6,57,484.9,4.199999999999989,0.008661579707156091,True,OK,SINA_AKSHARE_REALTIME_MONTH
2026-10-08T10:47:09+08:00,2026-10-08,io2611,2026-11,io2611c4850,C,4850.0,2026-11-20,43,2.8,3.2,3.2,24,49,293,3.0,0.40000000000000036,0.13333333333333344,True,OK,SINA_AKSHARE_REALTIME_MONTH
2026-10-08T10:47:09+08:00,2026-10-08,io2611,2026-11,io2611p4850,P,4850.0,2026-11-20,43,531.8,535.6,531.4,12,6,23,533.7,3.800000000000068,0.007120104927862222,True,OK,SINA_AKSHARE_REALTIME_MONTH
2026-10-08T10:47:09+08:00,2026-10-08,io2611,2026-11,io2611c4900,C,4900.0,2026-11-20,43,2.2,2.6,2.6,38,23,597,2.4000000000000004,0.3999999999999999,0.1666666666666666,True,OK,SINA_AKSHARE_REALTIME_MONTH
2026-10-08T10:47:09+08:00,2026-10-08,io2611,2026-11,io2611p4900,P,4900.0,2026-11-20,43,566.6,585.4,571.2,1,1,41,576.0,18.799999999999955,0.03263888888888881,True,OK,SINA_AKSHARE_REALTIME_MONTH
2026-10-08T10:47:09+08:00,2026-10-08,io2611,2026-11,io2611c4950,C,4950.0,2026-11-20,43,1.8,2.2,2.0,6,46,163,2.0,0.40000000000000013,0.20000000000000007,True,OK,SINA_AKSHARE_REALTIME_MONTH
2026-10-08T10:47:09+08:00,2026-10-08,io2611,2026-11,io2611p4950,P,4950.0,2026-11-20,43,630.8,635.0,613.2,12,12,56,632.9,4.2000000000000455,0.006636119450150175,True,OK,SINA_AKSHARE_REALTIME_MONTH
2026-10-08T10:47:09+08:00,2026-10-08,io2611,2026-11,io2611c5000,C,5000.0,2026-11-20,43,1.6,2.0,1.8,24,38,456,1.8,0.3999999999999999,0.22222222222222215,True,OK,SINA_AKSHARE_REALTIME_MONTH
2026-10-08T10:47:09+08:00,2026-10-08,io2611,2026-11,io2611p5000,P,5000.0,2026-11-20,43,680.4,684.8,660.2,12,12,62,682.5999999999999,4.399999999999977,0.006445941986522089,True,OK,SINA_AKSHARE_REALTIME_MONTH
2026-10-08T10:47:09+08:00,2026-10-08,io2611,2026-11,io2611c5100,C,5100.0,2026-11-20,43,1.4,1.8,1.6,23,37,545,1.6,0.40000000000000013,0.25000000000000006,True,OK,SINA_AKSHARE_REALTIME_MONTH
2026-10-08T10:47:09+08:00,2026-10-08,io2611,2026-11,io2611p5100,P,5100.0,2026-11-20,43,779.6,783.8,759.4,6,12,29,781.7,4.199999999999932,0.00537290520660091,True,OK,SINA_AKSHARE_REALTIME_MONTH
2026-10-08T10:47:09+08:00,2026-10-08,io2612,2026-12,io2612c3900,C,3900.0,2026-12-18,71,421.8,436.8,434.4,1,1,330,429.3,15.0,0.034940600978336823,True,OK,SINA_AKSHARE_REALTIME_MONTH
2026-10-08T10:47:09+08:00,2026-10-08,io2612,2026-12,io2612p3900,P,3900.0,2026-12-18,71,22.2,22.6,22.6,5,2,3129,22.4,0.40000000000000213,0.017857142857142953,True,OK,SINA_AKSHARE_REALTIME_MONTH
2026-10-08T10:47:09+08:00,2026-10-08,io2612,2026-12,io2612c3950,C,3950.0,2026-12-18,71,362.8,367.6,402.6,21,3,3,365.20000000000005,4.800000000000011,0.013143483023001125,True,OK,SINA_AKSHARE_REALTIME_MONTH
2026-10-08T10:47:09+08:00,2026-10-08,io2612,2026-12,io2612p3950,P,3950.0,2026-12-18,71,26.6,27.4,25.8,22,3,442,27.0,0.7999999999999972,0.029629629629629523,True,OK,SINA_AKSHARE_REALTIME_MONTH
2026-10-08T10:47:09+08:00,2026-10-08,io2612,2026-12,io2612c4000,C,4000.0,2026-12-18,71,320.2,325.2,343.8,3,14,284,322.7,5.0,0.015494267121165169,True,OK,SINA_AKSHARE_REALTIME_MONTH
2026-10-08T10:47:09+08:00,2026-10-08,io2612,2026-12,io2612p4000,P,4000.0,2026-12-18,71,33.4,34.2,32.2,3,13,2261,33.8,0.8000000000000043,0.023668639053254566,True,OK,SINA_AKSHARE_REALTIME_MONTH
2026-10-08T10:47:09+08:00,2026-10-08,io2612,2026-12,io2612c4050,C,4050.0,2026-12-18,71,277.8,281.8,286.0,3,3,45,279.8,4.0,0.014295925661186561,True,OK,SINA_AKSHARE_REALTIME_MONTH
2026-10-08T10:47:09+08:00,2026-10-08,io2612,2026-12,io2612p4050,P,4050.0,2026-12-18,71,41.0,41.8,40.2,9,14,940,41.4,0.7999999999999972,0.019323671497584474,True,OK,SINA_AKSHARE_REALTIME_MONTH
2026-10-08T10:47:09+08:00,2026-10-08,io2612,2026-12,io2612c4100,C,4100.0,2026-12-18,71,240.0,242.4,241.6,1,3,272,241.2,2.4000000000000057,0.00995024875621893,True,OK,SINA_AKSHARE_REALTIME_MONTH
2026-10-08T10:47:09+08:00,2026-10-08,io2612,2026-12,io2612p4100,P,4100.0,2026-12-18,71,51.6,52.4,49.8,6,8,1558,52.0,0.7999999999999972,0.01538461538461533,True,OK,SINA_AKSHARE_REALTIME_MONTH
2026-10-08T10:47:09+08:00,2026-10-08,io2612,2026-12,io2612c4150,C,4150.0,2026-12-18,71,202.4,205.6,235.4,6,9,15,204.0,3.1999999999999886,0.015686274509803866,True,OK,SINA_AKSHARE_REALTIME_MONTH
2026-10-08T10:47:09+08:00,2026-10-08,io2612,2026-12,io2612p4150,P,4150.0,2026-12-18,71,64.8,65.6,62.4,3,3,173,65.19999999999999,0.7999999999999972,0.012269938650306707,True,OK,SINA_AKSHARE_REALTIME_MONTH
2026-10-08T10:47:09+08:00,2026-10-08,io2612,2026-12,io2612c4200,C,4200.0,2026-12-18,71,169.6,172.2,173.0,3,3,261,170.89999999999998,2.5999999999999943,0.015213575190169658,True,OK,SINA_AKSHARE_REALTIME_MONTH
2026-10-08T10:47:09+08:00,2026-10-08,io2612,2026-12,io2612p4200,P,4200.0,2026-12-18,71,80.6,81.8,78.2,3,18,1926,81.19999999999999,1.2000000000000028,0.014778325123152747,True,OK,SINA_AKSHARE_REALTIME_MONTH
2026-10-08T10:47:09+08:00,2026-10-08,io2612,2026-12,io2612c4250,C,4250.0,2026-12-18,71,139.8,142.0,141.6,6,3,40,140.9,2.1999999999999886,0.015613910574875716,True,OK,SINA_AKSHARE_REALTIME_MONTH
2026-10-08T10:47:09+08:00,2026-10-08,io2612,2026-12,io2612p4250,P,4250.0,2026-12-18,71,100.8,102.4,99.0,3,14,195,101.6,1.6000000000000085,0.01574803149606308,True,OK,SINA_AKSHARE_REALTIME_MONTH
2026-10-08T10:47:09+08:00,2026-10-08,io2612,2026-12,io2612c4300,C,4300.0,2026-12-18,71,114.0,115.8,116.0,11,10,1015,114.9,1.7999999999999972,0.015665796344647494,True,OK,SINA_AKSHARE_REALTIME_MONTH
2026-10-08T10:47:09+08:00,2026-10-08,io2612,2026-12,io2612p4300,P,4300.0,2026-12-18,71,125.0,126.4,124.0,5,12,1453,125.7,1.4000000000000057,0.011137629276054143,True,OK,SINA_AKSHARE_REALTIME_MONTH
2026-10-08T10:47:09+08:00,2026-10-08,io2612,2026-12,io2612c4350,C,4350.0,2026-12-18,71,92.0,93.4,94.4,6,3,126,92.7,1.4000000000000057,0.015102481121898659,True,OK,SINA_AKSHARE_REALTIME_MONTH
2026-10-08T10:47:09+08:00,2026-10-08,io2612,2026-12,io2612p4350,P,4350.0,2026-12-18,71,151.6,154.2,136.2,9,26,65,152.89999999999998,2.5999999999999943,0.017004578155657257,True,OK,SINA_AKSHARE_REALTIME_MONTH
2026-10-08T10:47:09+08:00,2026-10-08,io2612,2026-12,io2612c4400,C,4400.0,2026-12-18,71,75.0,75.4,75.0,3,3,2015,75.2,0.4000000000000057,0.005319148936170288,True,OK,SINA_AKSHARE_REALTIME_MONTH
2026-10-08T10:47:09+08:00,2026-10-08,io2612,2026-12,io2612p4400,P,4400.0,2026-12-18,71,183.2,185.8,184.4,3,18,1703,184.5,2.6000000000000227,0.014092140921409337,True,OK,SINA_AKSHARE_REALTIME_MONTH
2026-10-08T10:47:09+08:00,2026-10-08,io2612,2026-12,io2612c4450,C,4450.0,2026-12-18,71,58.6,59.8,61.2,3,9,148,59.2,1.1999999999999957,0.0202702702702702,True,OK,SINA_AKSHARE_REALTIME_MONTH
2026-10-08T10:47:09+08:00,2026-10-08,io2612,2026-12,io2612p4450,P,4450.0,2026-12-18,71,217.6,220.4,199.0,6,3,49,219.0,2.8000000000000114,0.012785388127853934,True,OK,SINA_AKSHARE_REALTIME_MONTH
2026-10-08T10:47:09+08:00,2026-10-08,io2612,2026-12,io2612c4500,C,4500.0,2026-12-18,71,47.6,48.6,47.8,3,9,3658,48.1,1.0,0.020790020790020788,True,OK,SINA_AKSHARE_REALTIME_MONTH
2026-10-08T10:47:09+08:00,2026-10-08,io2612,2026-12,io2612p4500,P,4500.0,2026-12-18,71,256.6,259.0,256.0,7,17,1485,257.8,2.3999999999999773,0.00930954228083777,True,OK,SINA_AKSHARE_REALTIME_MONTH
2026-10-08T10:47:09+08:00,2026-10-08,io2612,2026-12,io2612c4550,C,4550.0,2026-12-18,71,37.4,38.4,40.0,3,12,89,37.9,1.0,0.026385224274406333,True,OK,SINA_AKSHARE_REALTIME_MONTH
2026-10-08T10:47:09+08:00,2026-10-08,io2612,2026-12,io2612p4550,P,4550.0,2026-12-18,71,295.2,299.0,288.4,3,3,57,297.1,3.8000000000000114,0.012790306294177082,True,OK,SINA_AKSHARE_REALTIME_MONTH
2026-10-08T10:47:09+08:00,2026-10-08,io2612,2026-12,io2612c4600,C,4600.0,2026-12-18,71,30.0,30.6,30.8,9,3,2557,30.3,0.6000000000000014,0.019801980198019847,True,OK,SINA_AKSHARE_REALTIME_MONTH
2026-10-08T10:47:09+08:00,2026-10-08,io2612,2026-12,io2612p4600,P,4600.0,2026-12-18,71,337.8,340.8,337.8,3,6,1647,339.3,3.0,0.008841732979664015,True,OK,SINA_AKSHARE_REALTIME_MONTH
2026-10-08T10:47:09+08:00,2026-10-08,io2612,2026-12,io2612c4650,C,4650.0,2026-12-18,71,23.8,24.6,25.4,4,6,583,24.200000000000003,0.8000000000000007,0.03305785123966945,True,OK,SINA_AKSHARE_REALTIME_MONTH
2026-10-08T10:47:09+08:00,2026-10-08,io2612,2026-12,io2612p4650,P,4650.0,2026-12-18,71,381.2,384.8,355.8,6,3,13,383.0,3.6000000000000227,0.009399477806788572,True,OK,SINA_AKSHARE_REALTIME_MONTH
2026-10-08T10:47:09+08:00,2026-10-08,io2612,2026-12,io2612c4700,C,4700.0,2026-12-18,71,19.6,20.4,19.6,3,14,3006,20.0,0.7999999999999972,0.039999999999999855,True,OK,SINA_AKSHARE_REALTIME_MONTH
2026-10-08T10:47:09+08:00,2026-10-08,io2612,2026-12,io2612p4700,P,4700.0,2026-12-18,71,426.6,430.4,426.8,6,17,1043,428.5,3.7999999999999545,0.00886814469078169,True,OK,SINA_AKSHARE_REALTIME_MONTH
2026-10-08T10:47:09+08:00,2026-10-08,io2612,2026-12,io2612c4750,C,4750.0,2026-12-18,71,16.0,16.8,16.2,3,9,81,16.4,0.8000000000000007,0.0487804878048781,True,OK,SINA_AKSHARE_REALTIME_MONTH
2026-10-08T10:47:09+08:00,2026-10-08,io2612,2026-12,io2612p4750,P,4750.0,2026-12-18,71,472.4,476.6,452.4,6,11,17,474.5,4.2000000000000455,0.008851422550052782,True,OK,SINA_AKSHARE_REALTIME_MONTH
2026-10-08T10:47:09+08:00,2026-10-08,io2612,2026-12,io2612c4800,C,4800.0,2026-12-18,71,12.4,13.2,13.0,6,21,3383,12.8,0.7999999999999989,0.06249999999999992,True,OK,SINA_AKSHARE_REALTIME_MONTH
2026-10-08T10:47:09+08:00,2026-10-08,io2612,2026-12,io2612p4800,P,4800.0,2026-12-18,71,519.4,523.0,493.6,3,3,806,521.2,3.6000000000000227,0.0069071373752878406,True,OK,SINA_AKSHARE_REALTIME_MONTH
2026-10-08T10:47:09+08:00,2026-10-08,io2612,2026-12,io2612c4850,C,4850.0,2026-12-18,71,11.0,11.6,11.4,3,9,134,11.3,0.5999999999999996,0.05309734513274333,True,OK,SINA_AKSHARE_REALTIME_MONTH
2026-10-08T10:47:09+08:00,2026-10-08,io2612,2026-12,io2612p4850,P,4850.0,2026-12-18,71,548.2,569.2,569.6,1,1,30,558.7,21.0,0.037587256130302484,True,OK,SINA_AKSHARE_REALTIME_MONTH
2026-10-08T10:47:09+08:00,2026-10-08,io2612,2026-12,io2612c4900,C,4900.0,2026-12-18,71,9.2,9.4,9.8,3,3,1497,9.3,0.20000000000000107,0.021505376344086134,True,OK,SINA_AKSHARE_REALTIME_MONTH
2026-10-08T10:47:09+08:00,2026-10-08,io2612,2026-12,io2612p4900,P,4900.0,2026-12-18,71,595.0,616.6,603.2,1,1,475,605.8,21.600000000000023,0.035655331792670886,True,OK,SINA_AKSHARE_REALTIME_MONTH
2026-10-08T10:47:09+08:00,2026-10-08,io2612,2026-12,io2612c4950,C,4950.0,2026-12-18,71,7.8,8.4,10.2,33,3,83,8.1,0.6000000000000005,0.07407407407407414,True,OK,SINA_AKSHARE_REALTIME_MONTH
2026-10-08T10:47:09+08:00,2026-10-08,io2612,2026-12,io2612p4950,P,4950.0,2026-12-18,71,663.0,668.4,630.0,12,14,22,665.7,5.399999999999977,0.008111762054979686,True,OK,SINA_AKSHARE_REALTIME_MONTH
2026-10-08T10:47:09+08:00,2026-10-08,io2612,2026-12,io2612c5000,C,5000.0,2026-12-18,71,8.0,8.2,8.2,3,6,3313,8.1,0.1999999999999993,0.02469135802469127,True,OK,SINA_AKSHARE_REALTIME_MONTH
2026-10-08T10:47:09+08:00,2026-10-08,io2612,2026-12,io2612p5000,P,5000.0,2026-12-18,71,712.8,717.8,688.4,6,3,476,715.3,5.0,0.006990074094785405,True,OK,SINA_AKSHARE_REALTIME_MONTH
2026-10-08T10:47:09+08:00,2026-10-08,io2612,2026-12,io2612c5200,C,5200.0,2026-12-18,71,4.2,4.4,4.4,5,10,1618,4.300000000000001,0.20000000000000018,0.04651162790697678,True,OK,SINA_AKSHARE_REALTIME_MONTH
2026-10-08T10:47:09+08:00,2026-10-08,io2612,2026-12,io2612p5200,P,5200.0,2026-12-18,71,909.0,913.4,879.4,6,3,398,911.2,4.399999999999977,0.004828797190517973,True,OK,SINA_AKSHARE_REALTIME_MONTH
2026-10-08T10:47:09+08:00,2026-10-08,io2612,2026-12,io2612c5400,C,5400.0,2026-12-18,71,2.8,3.0,3.0,28,11,2252,2.9,0.20000000000000018,0.06896551724137938,True,OK,SINA_AKSHARE_REALTIME_MONTH
2026-10-08T10:47:09+08:00,2026-10-08,io2612,2026-12,io2612p5400,P,5400.0,2026-12-18,71,1103.0,1129.6,1128.8,1,1,603,1116.3,26.59999999999991,0.02382871987816887,True,OK,SINA_AKSHARE_REALTIME_MONTH
2026-10-08T10:47:09+08:00,2026-10-08,io2612,2026-12,io2612c5600,C,5600.0,2026-12-18,71,2.0,2.2,2.2,74,83,3177,2.1,0.20000000000000018,0.09523809523809532,True,OK,SINA_AKSHARE_REALTIME_MONTH
2026-10-08T10:47:09+08:00,2026-10-08,io2612,2026-12,io2612p5600,P,5600.0,2026-12-18,71,1304.0,1309.2,1263.2,3,6,681,1306.6,5.2000000000000455,0.003979794887494295,True,OK,SINA_AKSHARE_REALTIME_MONTH
2026-10-08T10:47:09+08:00,2026-10-08,io2703,2027-03,io2703c3900,C,3900.0,2027-03-19,162,395.4,400.0,421.8,4,3,352,397.7,4.600000000000023,0.011566507417651554,True,OK,SINA_AKSHARE_REALTIME_MONTH
2026-10-08T10:47:09+08:00,2026-10-08,io2703,2027-03,io2703p3900,P,3900.0,2027-03-19,162,65.0,66.2,66.2,3,1,1681,65.6,1.2000000000000028,0.018292682926829312,True,OK,SINA_AKSHARE_REALTIME_MONTH
2026-10-08T10:47:09+08:00,2026-10-08,io2703,2027-03,io2703c4000,C,4000.0,2027-03-19,162,320.2,324.6,348.0,1,3,293,322.4,4.400000000000034,0.01364764267990085,True,OK,SINA_AKSHARE_REALTIME_MONTH
2026-10-08T10:47:09+08:00,2026-10-08,io2703,2027-03,io2703p4000,P,4000.0,2027-03-19,162,88.8,90.6,82.6,3,3,842,89.69999999999999,1.7999999999999972,0.020066889632106993,True,OK,SINA_AKSHARE_REALTIME_MONTH
2026-10-08T10:47:09+08:00,2026-10-08,io2703,2027-03,io2703c4100,C,4100.0,2027-03-19,162,252.2,258.0,282.0,3,12,211,255.1,5.800000000000011,0.02273618188945516,True,OK,SINA_AKSHARE_REALTIME_MONTH
2026-10-08T10:47:09+08:00,2026-10-08,io2703,2027-03,io2703p4100,P,4100.0,2027-03-19,162,120.8,122.0,107.0,3,1,2598,121.4,1.2000000000000028,0.009884678747940715,True,OK,SINA_AKSHARE_REALTIME_MONTH
2026-10-08T10:47:09+08:00,2026-10-08,io2703,2027-03,io2703c4200,C,4200.0,2027-03-19,162,197.6,200.2,213.4,4,3,490,198.89999999999998,2.5999999999999943,0.013071895424836574,True,OK,SINA_AKSHARE_REALTIME_MONTH
2026-10-08T10:47:09+08:00,2026-10-08,io2703,2027-03,io2703p4200,P,4200.0,2027-03-19,162,163.8,164.6,160.8,3,1,1203,164.2,0.799999999999983,0.004872107186357996,True,OK,SINA_AKSHARE_REALTIME_MONTH
2026-10-08T10:47:09+08:00,2026-10-08,io2703,2027-03,io2703c4300,C,4300.0,2027-03-19,162,153.0,155.6,163.8,3,6,915,154.3,2.5999999999999943,0.016850291639662954,True,OK,SINA_AKSHARE_REALTIME_MONTH
2026-10-08T10:47:09+08:00,2026-10-08,io2703,2027-03,io2703p4300,P,4300.0,2027-03-19,162,218.2,220.6,216.8,3,17,456,219.39999999999998,2.4000000000000057,0.010938924339106681,True,OK,SINA_AKSHARE_REALTIME_MONTH
2026-10-08T10:47:09+08:00,2026-10-08,io2703,2027-03,io2703c4400,C,4400.0,2027-03-19,162,116.6,119.6,120.0,3,6,733,118.1,3.0,0.02540220152413209,True,OK,SINA_AKSHARE_REALTIME_MONTH
2026-10-08T10:47:09+08:00,2026-10-08,io2703,2027-03,io2703p4400,P,4400.0,2027-03-19,162,280.8,284.4,268.6,3,5,931,282.6,3.599999999999966,0.01273885350318459,True,OK,SINA_AKSHARE_REALTIME_MONTH
2026-10-08T10:47:09+08:00,2026-10-08,io2703,2027-03,io2703c4500,C,4500.0,2027-03-19,162,89.4,91.6,92.4,3,1,1024,90.5,2.1999999999999886,0.024309392265193245,True,OK,SINA_AKSHARE_REALTIME_MONTH
2026-10-08T10:47:09+08:00,2026-10-08,io2703,2027-03,io2703p4500,P,4500.0,2027-03-19,162,352.4,357.2,338.0,3,3,922,354.79999999999995,4.800000000000011,0.01352874859075539,True,OK,SINA_AKSHARE_REALTIME_MONTH
2026-10-08T10:47:09+08:00,2026-10-08,io2703,2027-03,io2703c4600,C,4600.0,2027-03-19,162,70.2,72.2,72.4,3,4,853,71.2,2.0,0.028089887640449437,True,OK,SINA_AKSHARE_REALTIME_MONTH
2026-10-08T10:47:09+08:00,2026-10-08,io2703,2027-03,io2703p4600,P,4600.0,2027-03-19,162,431.4,437.6,418.0,3,3,402,434.5,6.2000000000000455,0.014269275028768805,True,OK,SINA_AKSHARE_REALTIME_MONTH
2026-10-08T10:47:09+08:00,2026-10-08,io2703,2027-03,io2703c4700,C,4700.0,2027-03-19,162,56.0,57.2,57.8,3,1,1656,56.6,1.2000000000000028,0.021201413427561887,True,OK,SINA_AKSHARE_REALTIME_MONTH
2026-10-08T10:47:09+08:00,2026-10-08,io2703,2027-03,io2703p4700,P,4700.0,2027-03-19,162,517.0,521.8,503.2,3,3,582,519.4,4.7999999999999545,0.009241432422025327,True,OK,SINA_AKSHARE_REALTIME_MONTH
2026-10-08T10:47:09+08:00,2026-10-08,io2703,2027-03,io2703c4800,C,4800.0,2027-03-19,162,44.4,46.2,46.2,3,9,1089,45.3,1.8000000000000043,0.03973509933774844,True,OK,SINA_AKSHARE_REALTIME_MONTH
2026-10-08T10:47:09+08:00,2026-10-08,io2703,2027-03,io2703p4800,P,4800.0,2027-03-19,162,604.4,610.6,590.8,3,3,412,607.5,6.2000000000000455,0.010205761316872503,True,OK,SINA_AKSHARE_REALTIME_MONTH
2026-10-08T10:47:09+08:00,2026-10-08,io2703,2027-03,io2703c4900,C,4900.0,2027-03-19,162,35.8,37.4,36.6,3,3,961,36.599999999999994,1.6000000000000014,0.04371584699453557,True,OK,SINA_AKSHARE_REALTIME_MONTH
2026-10-08T10:47:09+08:00,2026-10-08,io2703,2027-03,io2703p4900,P,4900.0,2027-03-19,162,697.0,701.0,681.6,2,3,335,699.0,4.0,0.005722460658082976,True,OK,SINA_AKSHARE_REALTIME_MONTH
2026-10-08T10:47:09+08:00,2026-10-08,io2703,2027-03,io2703c5000,C,5000.0,2027-03-19,162,29.0,30.0,29.2,6,7,1310,29.5,1.0,0.03389830508474576,True,OK,SINA_AKSHARE_REALTIME_MONTH
2026-10-08T10:47:09+08:00,2026-10-08,io2703,2027-03,io2703p5000,P,5000.0,2027-03-19,162,789.6,793.6,774.0,2,3,396,791.6,4.0,0.005053057099545225,True,OK,SINA_AKSHARE_REALTIME_MONTH
2026-10-08T10:47:09+08:00,2026-10-08,io2703,2027-03,io2703c5200,C,5200.0,2027-03-19,162,19.8,20.4,20.4,13,9,830,20.1,0.5999999999999979,0.02985074626865661,True,OK,SINA_AKSHARE_REALTIME_MONTH
2026-10-08T10:47:09+08:00,2026-10-08,io2703,2027-03,io2703p5200,P,5200.0,2027-03-19,162,947.6,989.0,971.4,1,1,245,968.3,41.39999999999998,0.04275534441805223,True,OK,SINA_AKSHARE_REALTIME_MONTH
2026-10-08T10:47:09+08:00,2026-10-08,io2703,2027-03,io2703c5400,C,5400.0,2027-03-19,162,14.4,15.2,15.8,3,26,421,14.8,0.7999999999999989,0.05405405405405398,True,OK,SINA_AKSHARE_REALTIME_MONTH
2026-10-08T10:47:09+08:00,2026-10-08,io2703,2027-03,io2703p5400,P,5400.0,2027-03-19,162,1168.2,1174.6,1145.2,3,3,232,1171.4,6.399999999999864,0.005463547891411869,True,OK,SINA_AKSHARE_REALTIME_MONTH
2026-10-08T10:47:09+08:00,2026-10-08,io2703,2027-03,io2703c5600,C,5600.0,2027-03-19,162,10.8,11.2,10.8,3,5,862,11.0,0.3999999999999986,0.03636363636363624,True,OK,SINA_AKSHARE_REALTIME_MONTH
2026-10-08T10:47:09+08:00,2026-10-08,io2703,2027-03,io2703p5600,P,5600.0,2027-03-19,162,1364.0,1369.2,1337.0,2,3,284,1366.6,5.2000000000000455,0.003805063661642065,True,OK,SINA_AKSHARE_REALTIME_MONTH
