window,horizon,symbol,name,sample_size,start_date,end_date,corr_temp_fwd_return,corr_delta_temp_fwd_return,corr_temp_fwd_excess,corr_delta_temp_fwd_excess,corr_temp_sync_return,corr_temp_sync_excess,avg_fwd_return,avg_fwd_excess,high_risk_sample,low_risk_sample,high_risk_avg_excess,low_risk_avg_excess,high_risk_win_rate,high_risk_max_drawdown,strength
1Y,10D,801170,交通运输,486,2025-06-26,2026-06-26,-0.0987,-0.0092,-0.0655,0.0329,-0.1814,0.2203,-0.0019,-0.0109,2,170,0.0366,-0.0102,1.0,0.0,很弱
1Y,10D,801760,传媒,486,2025-06-26,2026-06-26,-0.0894,0.0665,-0.0749,0.0879,-0.1195,0.1492,-0.0006,-0.0093,2,170,0.033,-0.0084,1.0,0.0,很弱
1Y,10D,801160,公用事业,486,2025-06-26,2026-06-26,-0.2502,-0.0192,-0.1532,0.0095,-0.1935,0.1969,0.001,-0.0076,2,170,0.0088,-0.0053,1.0,-0.007,很弱
1Y,10D,801010,农林牧渔,486,2025-06-26,2026-06-26,-0.1373,-0.0428,-0.1309,0.0026,-0.1503,0.1835,-0.0022,-0.0115,2,170,0.0244,-0.0065,1.0,0.0,很弱
1Y,10D,801150,医药生物,486,2025-06-26,2026-06-26,0.0353,0.0674,0.0368,0.0948,-0.1381,0.1994,-0.0002,-0.0092,2,170,0.072,-0.0061,1.0,-0.0013,很弱
1Y,10D,801200,商贸零售,486,2025-06-26,2026-06-26,-0.1284,0.0263,-0.099,0.0582,-0.1689,0.1678,-0.0042,-0.0129,2,170,0.0353,-0.0115,1.0,-0.0071,很弱
1Y,10D,801740,国防军工,486,2025-06-26,2026-06-26,-0.1907,0.0117,-0.1872,0.0385,-0.2289,0.0317,0.0033,-0.0053,2,170,0.0341,0.0071,1.0,-0.0244,弱
1Y,10D,801030,基础化工,486,2025-06-26,2026-06-26,-0.1006,-0.0171,-0.0496,0.0066,-0.2632,0.0653,0.0063,-0.0018,2,170,0.0552,0.0006,1.0,-0.0062,很弱
1Y,10D,801110,家用电器,486,2025-06-26,2026-06-26,-0.001,0.0037,0.0096,0.0471,-0.1818,0.2439,0.0006,-0.0084,2,170,0.0011,-0.0102,1.0,-0.0007,很弱
1Y,10D,801710,建筑材料,486,2025-06-26,2026-06-26,-0.0777,-0.0443,-0.0055,-0.0408,-0.2231,0.0517,0.0112,0.0038,2,170,0.0629,0.0053,1.0,-0.033,很弱
1Y,10D,801720,建筑装饰,486,2025-06-26,2026-06-26,-0.1967,0.0067,-0.1317,0.0324,-0.2371,0.1602,0.0012,-0.0072,2,170,0.0336,-0.0025,1.0,-0.0139,很弱
1Y,10D,801180,房地产,486,2025-06-26,2026-06-26,-0.159,-0.02,-0.1411,0.0125,-0.2057,0.1371,-0.0011,-0.0099,2,170,0.0291,-0.0083,1.0,-0.0151,很弱
1Y,10D,801050,有色金属,486,2025-06-26,2026-06-26,-0.1755,-0.0437,-0.1639,-0.0329,-0.2412,-0.0407,0.0113,0.0031,2,170,0.0939,0.0152,1.0,0.0,很弱
1Y,10D,801890,机械设备,486,2025-06-26,2026-06-26,-0.0661,0.038,-0.0227,0.0727,-0.2391,0.0814,0.0094,0.0011,2,170,0.0361,0.0032,1.0,-0.0256,很弱
1Y,10D,801880,汽车,486,2025-06-26,2026-06-26,-0.0642,-0.0029,-0.0792,0.049,-0.2449,0.1377,-0.0002,-0.0093,2,170,0.025,-0.0066,1.0,0.0,很弱
1Y,10D,801950,煤炭,486,2025-06-26,2026-06-26,-0.1981,-0.0503,-0.1775,-0.015,-0.0863,0.1624,0.0038,-0.0056,2,170,-0.02,0.0004,0.0,0.0,很弱
1Y,10D,801970,环保,486,2025-06-26,2026-06-26,-0.1831,0.0104,-0.1351,0.0435,-0.2641,0.1314,0.0023,-0.0064,2,170,0.0461,-0.0033,1.0,-0.0081,很弱
1Y,10D,801730,电力设备,486,2025-06-26,2026-06-26,-0.1077,0.0084,-0.0584,0.0264,-0.2326,0.0475,0.0083,0.0004,2,170,0.0063,-0.0,1.0,-0.0243,很弱
1Y,10D,801080,电子,486,2025-06-26,2026-06-26,0.0808,0.0296,0.1672,0.04,-0.1749,0.0422,0.0193,0.0119,2,170,0.0269,0.0052,1.0,-0.0715,很弱
1Y,10D,801960,石油石化,486,2025-06-26,2026-06-26,-0.3157,-0.1153,-0.278,-0.0747,-0.1467,0.127,0.0025,-0.0066,2,170,-0.0014,0.004,0.0,0.0,弱
1Y,10D,801210,社会服务,486,2025-06-26,2026-06-26,-0.0827,0.0867,-0.0452,0.1137,-0.1841,0.1645,-0.0022,-0.0108,2,170,0.0434,-0.011,1.0,-0.0111,很弱
1Y,10D,801130,纺织服饰,486,2025-06-26,2026-06-26,-0.0081,0.0317,0.0008,0.0646,-0.1879,0.1784,0.0001,-0.0089,2,170,0.0786,-0.0105,1.0,0.0,很弱
1Y,10D,801230,综合,486,2025-06-26,2026-06-26,-0.1204,-0.0034,-0.1221,0.0234,-0.153,0.0679,0.0104,0.0015,2,170,0.0543,0.0093,1.0,-0.0076,很弱
1Y,10D,801980,美容护理,486,2025-06-26,2026-06-26,-0.0658,0.0409,-0.0529,0.0713,-0.1463,0.1796,-0.006,-0.015,2,170,0.0345,-0.013,1.0,0.0,很弱
1Y,10D,801750,计算机,486,2025-06-26,2026-06-26,-0.1536,0.0465,-0.1512,0.077,-0.169,0.1033,-0.0004,-0.0089,2,170,0.0139,-0.0035,1.0,-0.0279,很弱
1Y,10D,801140,轻工制造,486,2025-06-26,2026-06-26,-0.1537,0.0263,-0.1046,0.0559,-0.2575,0.1456,0.0003,-0.0084,2,170,0.0416,-0.007,1.0,-0.0043,很弱
1Y,10D,801770,通信,486,2025-06-26,2026-06-26,-0.036,0.075,0.0275,0.0869,-0.1698,0.0173,0.0213,0.0141,2,170,0.037,0.011,1.0,-0.0736,很弱
1Y,10D,801040,钢铁,486,2025-06-26,2026-06-26,-0.2892,-0.0849,-0.2628,-0.0575,-0.2794,0.0344,0.001,-0.0076,2,170,0.0492,0.0032,1.0,0.0,弱
1Y,10D,801780,银行,486,2025-06-26,2026-06-26,0.0188,-0.0156,0.0094,0.0189,0.0114,0.2909,-0.0033,-0.0124,2,170,0.0261,-0.0179,1.0,0.0,很弱
1Y,10D,801790,非银金融,486,2025-06-26,2026-06-26,-0.1628,-0.0104,-0.1507,0.0316,-0.1475,0.1939,-0.0007,-0.0095,2,170,-0.0122,-0.0041,0.0,-0.0209,很弱
1Y,10D,801120,食品饮料,486,2025-06-26,2026-06-26,-0.0312,0.0657,-0.0075,0.0787,-0.0598,0.2709,-0.0045,-0.0133,2,170,0.0235,-0.0152,1.0,0.0,很弱
1Y,1D,801170,交通运输,501,2025-06-26,2026-07-08,-0.0242,-0.0392,-0.0355,-0.0256,-0.1814,0.2203,-0.0002,-0.0011,4,170,-0.0003,-0.0006,0.5,0.0,很弱
1Y,1D,801760,传媒,501,2025-06-26,2026-07-08,0.0214,0.0704,0.0051,0.0673,-0.1195,0.1492,-0.0,-0.0009,4,170,-0.0081,-0.0013,0.25,0.0,很弱
1Y,1D,801160,公用事业,501,2025-06-26,2026-07-08,-0.0885,-0.0242,-0.0788,-0.0163,-0.1935,0.1969,0.0001,-0.0008,4,170,-0.001,0.0002,0.25,-0.007,很弱
1Y,1D,801010,农林牧渔,501,2025-06-26,2026-07-08,-0.0794,-0.0658,-0.0751,-0.048,-0.1503,0.1835,-0.0003,-0.0011,4,170,-0.0094,-0.0001,0.0,0.0,很弱
1Y,1D,801150,医药生物,501,2025-06-26,2026-07-08,0.0437,0.0436,0.019,0.0375,-0.1381,0.1994,-0.0,-0.0009,4,170,0.0034,-0.0004,0.5,-0.0013,很弱
1Y,1D,801200,商贸零售,501,2025-06-26,2026-07-08,-0.0251,-0.0068,-0.0381,-0.0055,-0.1689,0.1678,-0.0005,-0.0013,4,170,-0.0024,-0.0013,0.25,-0.0071,很弱
1Y,1D,801740,国防军工,501,2025-06-26,2026-07-08,-0.0483,0.021,-0.0646,0.0214,-0.2289,0.0317,0.0003,-0.0005,4,170,0.0054,0.0009,0.5,-0.0244,很弱
1Y,1D,801030,基础化工,501,2025-06-26,2026-07-08,-0.0536,-0.003,-0.0698,-0.0028,-0.2632,0.0653,0.0005,-0.0003,4,170,-0.0102,0.0003,0.25,-0.0062,很弱
1Y,1D,801110,家用电器,501,2025-06-26,2026-07-08,0.0099,-0.0168,-0.0146,-0.0103,-0.1818,0.2439,0.0,-0.0008,4,170,-0.0008,-0.0006,0.5,-0.0007,很弱
1Y,1D,801710,建筑材料,501,2025-06-26,2026-07-08,-0.0365,0.0203,-0.0539,0.021,-0.2231,0.0517,0.001,0.0002,4,170,0.0052,0.0009,0.5,-0.033,很弱
1Y,1D,801720,建筑装饰,501,2025-06-26,2026-07-08,-0.0373,0.0341,-0.0512,0.028,-0.2371,0.1602,0.0001,-0.0008,4,170,0.0005,0.0,0.5,-0.0139,很弱
1Y,1D,801180,房地产,501,2025-06-26,2026-07-08,-0.0434,-0.0517,-0.0559,-0.0447,-0.2057,0.1371,-0.0001,-0.0009,4,170,-0.0018,-0.0008,0.25,-0.0151,很弱
1Y,1D,801050,有色金属,501,2025-06-26,2026-07-08,-0.0512,0.0449,-0.0729,0.0519,-0.2412,-0.0407,0.001,0.0002,4,170,0.0019,0.0013,0.5,0.0,很弱
1Y,1D,801890,机械设备,501,2025-06-26,2026-07-08,0.014,0.0616,-0.0045,0.0661,-0.2391,0.0814,0.0009,0.0001,4,170,0.0035,0.0002,0.5,-0.0256,很弱
1Y,1D,801880,汽车,501,2025-06-26,2026-07-08,-0.0165,0.0174,-0.0348,0.0153,-0.2449,0.1377,-0.0001,-0.0009,4,170,0.0056,-0.0005,0.5,0.0,很弱
1Y,1D,801950,煤炭,501,2025-06-26,2026-07-08,-0.0856,-0.0543,-0.0809,-0.0428,-0.0863,0.1624,0.0004,-0.0005,4,170,-0.0089,0.0016,0.25,0.0,很弱
1Y,1D,801970,环保,501,2025-06-26,2026-07-08,-0.0383,0.0353,-0.0518,0.0292,-0.2641,0.1314,0.0002,-0.0007,4,170,0.0058,-0.0001,0.5,-0.0081,很弱
1Y,1D,801730,电力设备,501,2025-06-26,2026-07-08,-0.0154,0.0703,-0.0351,0.0788,-0.2326,0.0475,0.0008,-0.0001,4,170,-0.0066,0.0,0.0,-0.0243,很弱
1Y,1D,801080,电子,501,2025-06-26,2026-07-08,0.0556,0.0131,0.0524,0.0158,-0.1749,0.0422,0.002,0.0012,4,170,-0.0054,0.0005,0.25,-0.0715,很弱
1Y,1D,801960,石油石化,501,2025-06-26,2026-07-08,-0.1456,-0.0485,-0.1256,-0.0372,-0.1467,0.127,0.0002,-0.0006,4,170,-0.0074,0.0018,0.25,0.0,很弱
1Y,1D,801210,社会服务,501,2025-06-26,2026-07-08,0.0065,0.0317,-0.013,0.0261,-0.1841,0.1645,-0.0003,-0.0011,4,170,-0.0006,-0.0014,0.25,-0.0111,很弱
1Y,1D,801130,纺织服饰,501,2025-06-26,2026-07-08,-0.0035,0.0108,-0.021,0.008,-0.1879,0.1784,-0.0,-0.0009,4,170,0.0047,-0.0009,0.5,0.0,很弱
1Y,1D,801230,综合,501,2025-06-26,2026-07-08,-0.0183,0.0332,-0.0315,0.0338,-0.153,0.0679,0.0011,0.0002,4,170,-0.0079,0.0016,0.25,-0.0076,很弱
1Y,1D,801980,美容护理,501,2025-06-26,2026-07-08,0.0012,0.0375,-0.0163,0.0302,-0.1463,0.1796,-0.0006,-0.0015,4,170,0.0004,-0.0014,0.5,0.0,很弱
1Y,1D,801750,计算机,501,2025-06-26,2026-07-08,0.0024,0.0342,-0.0139,0.0368,-0.169,0.1033,0.0,-0.0008,4,170,-0.0033,-0.0006,0.25,-0.0279,很弱
1Y,1D,801140,轻工制造,501,2025-06-26,2026-07-08,-0.0346,0.0347,-0.0457,0.0262,-0.2575,0.1456,-0.0,-0.0009,4,170,-0.0002,-0.0006,0.5,-0.0043,很弱
1Y,1D,801770,通信,501,2025-06-26,2026-07-08,0.0308,0.0259,0.0231,0.03,-0.1698,0.0173,0.0022,0.0014,4,170,-0.0052,0.001,0.25,-0.0736,很弱
1Y,1D,801040,钢铁,501,2025-06-26,2026-07-08,-0.1248,-0.0294,-0.1347,-0.0276,-0.2794,0.0344,0.0,-0.0008,4,170,-0.0018,0.001,0.25,0.0,很弱
1Y,1D,801780,银行,501,2025-06-26,2026-07-08,0.0018,-0.0716,-0.0156,-0.0382,0.0114,0.2909,-0.0003,-0.0012,4,170,-0.0045,-0.0011,0.25,0.0,很弱
1Y,1D,801790,非银金融,501,2025-06-26,2026-07-08,-0.0272,-0.0481,-0.0462,-0.047,-0.1475,0.1939,-0.0001,-0.0009,4,170,-0.0051,-0.0003,0.25,-0.0209,很弱
1Y,1D,801120,食品饮料,501,2025-06-26,2026-07-08,0.0006,-0.0482,-0.0177,-0.0323,-0.0598,0.2709,-0.0005,-0.0013,4,170,-0.0072,-0.0013,0.0,0.0,很弱
1Y,5D,801170,交通运输,496,2025-06-26,2026-07-03,-0.036,0.0529,0.0286,0.018,-0.1814,0.2203,-0.0009,-0.0051,4,170,0.0125,-0.0062,0.75,0.0,很弱
1Y,5D,801760,传媒,496,2025-06-26,2026-07-03,-0.0246,0.1047,0.0071,0.089,-0.1195,0.1492,-0.0003,-0.0045,4,170,-0.0097,-0.0077,0.5,0.0,很弱
1Y,5D,801160,公用事业,496,2025-06-26,2026-07-03,-0.1686,0.0223,-0.0795,-0.0006,-0.1935,0.1969,0.0004,-0.0038,4,170,0.0066,-0.0034,0.5,-0.007,很弱
1Y,5D,801010,农林牧渔,496,2025-06-26,2026-07-03,-0.1096,-0.0476,-0.0444,-0.057,-0.1503,0.1835,-0.0011,-0.0052,4,170,-0.0006,-0.0045,0.5,0.0,很弱
1Y,5D,801150,医药生物,496,2025-06-26,2026-07-03,0.0596,0.0831,0.0961,0.0536,-0.1381,0.1994,-0.0001,-0.0042,4,170,0.0067,-0.0052,0.75,-0.0013,很弱
1Y,5D,801200,商贸零售,496,2025-06-26,2026-07-03,-0.0643,0.0603,-0.0107,0.0372,-0.1689,0.1678,-0.0022,-0.0064,4,170,-0.006,-0.008,0.5,-0.0071,很弱
1Y,5D,801740,国防军工,496,2025-06-26,2026-07-03,-0.1416,0.0717,-0.1094,0.0603,-0.2289,0.0317,0.0016,-0.0025,4,170,0.0039,0.0034,0.75,-0.0244,很弱
1Y,5D,801030,基础化工,496,2025-06-26,2026-07-03,-0.1034,0.004,-0.0546,-0.0123,-0.2632,0.0653,0.0029,-0.0012,4,170,-0.0208,-0.0003,0.5,-0.0062,很弱
1Y,5D,801110,家用电器,496,2025-06-26,2026-07-03,0.0375,0.0422,0.081,0.0095,-0.1818,0.2439,0.0003,-0.0039,4,170,0.0049,-0.006,0.75,-0.0007,很弱
1Y,5D,801710,建筑材料,496,2025-06-26,2026-07-03,-0.0955,0.0466,-0.0622,0.0387,-0.2231,0.0517,0.0052,0.0011,4,170,-0.0156,0.0026,0.5,-0.033,很弱
1Y,5D,801720,建筑装饰,496,2025-06-26,2026-07-03,-0.1267,0.0986,-0.0629,0.0705,-0.2371,0.1602,0.0005,-0.0037,4,170,-0.0015,-0.0023,0.5,-0.0139,很弱
1Y,5D,801180,房地产,496,2025-06-26,2026-07-03,-0.0853,0.044,-0.0386,0.0242,-0.2057,0.1371,-0.0006,-0.0048,4,170,0.0029,-0.0061,0.5,-0.0151,很弱
1Y,5D,801050,有色金属,496,2025-06-26,2026-07-03,-0.1426,0.059,-0.1242,0.0555,-0.2412,-0.0407,0.0054,0.0013,4,170,0.0034,0.0067,0.5,0.0,很弱
1Y,5D,801890,机械设备,496,2025-06-26,2026-07-03,-0.0428,0.128,0.0042,0.1191,-0.2391,0.0814,0.0045,0.0004,4,170,0.0036,0.0007,0.5,-0.0256,很弱
1Y,5D,801880,汽车,496,2025-06-26,2026-07-03,-0.0518,0.0687,0.006,0.0477,-0.2449,0.1377,-0.0002,-0.0043,4,170,0.0125,-0.004,1.0,0.0,很弱
1Y,5D,801950,煤炭,496,2025-06-26,2026-07-03,-0.1443,-0.0538,-0.0822,-0.054,-0.0863,0.1624,0.0021,-0.0021,4,170,-0.0035,0.0008,0.5,0.0,很弱
1Y,5D,801970,环保,496,2025-06-26,2026-07-03,-0.1141,0.0817,-0.0489,0.0549,-0.2641,0.1314,0.0011,-0.0031,4,170,0.0115,-0.0025,0.5,-0.0081,很弱
1Y,5D,801730,电力设备,496,2025-06-26,2026-07-03,-0.0991,0.0896,-0.0627,0.0839,-0.2326,0.0475,0.004,-0.0002,4,170,-0.0189,-0.0001,0.25,-0.0243,很弱
1Y,5D,801080,电子,496,2025-06-26,2026-07-03,0.0716,0.094,0.1133,0.0969,-0.1749,0.0422,0.0095,0.0052,4,170,-0.0079,0.002,0.5,-0.0715,很弱
1Y,5D,801960,石油石化,496,2025-06-26,2026-07-03,-0.2768,-0.0843,-0.1907,-0.0807,-0.1467,0.127,0.0012,-0.0029,4,170,-0.0072,0.0025,0.25,0.0,弱
1Y,5D,801210,社会服务,496,2025-06-26,2026-07-03,-0.0151,0.1176,0.0405,0.0848,-0.1841,0.1645,-0.0012,-0.0053,4,170,0.0039,-0.0079,0.5,-0.0111,很弱
1Y,5D,801130,纺织服饰,496,2025-06-26,2026-07-03,-0.0033,0.0424,0.0471,0.0178,-0.1879,0.1784,-0.0,-0.0041,4,170,0.013,-0.0068,0.5,0.0,很弱
1Y,5D,801230,综合,496,2025-06-26,2026-07-03,-0.085,0.0508,-0.059,0.0407,-0.153,0.0679,0.0051,0.0009,4,170,-0.005,0.0042,0.5,-0.0076,很弱
1Y,5D,801980,美容护理,496,2025-06-26,2026-07-03,-0.0259,0.0621,0.024,0.0383,-0.1463,0.1796,-0.0031,-0.0072,4,170,-0.0033,-0.0084,0.5,0.0,很弱
1Y,5D,801750,计算机,496,2025-06-26,2026-07-03,-0.0727,0.1067,-0.0464,0.0986,-0.169,0.1033,-0.0003,-0.0046,4,170,-0.0116,-0.0039,0.25,-0.0279,很弱
1Y,5D,801140,轻工制造,496,2025-06-26,2026-07-03,-0.1045,0.0662,-0.0367,0.0377,-0.2575,0.1456,0.0001,-0.0041,4,170,-0.0005,-0.005,0.5,-0.0043,很弱
1Y,5D,801770,通信,496,2025-06-26,2026-07-03,0.0041,0.1288,0.0278,0.1307,-0.1698,0.0173,0.0104,0.0061,4,170,-0.0089,0.0038,0.5,-0.0736,很弱
1Y,5D,801040,钢铁,496,2025-06-26,2026-07-03,-0.2322,-0.0136,-0.1847,-0.0276,-0.2794,0.0344,0.0005,-0.0037,4,170,-0.0018,0.0011,0.5,0.0,弱
1Y,5D,801780,银行,496,2025-06-26,2026-07-03,0.0526,-0.0197,0.0695,-0.029,0.0114,0.2909,-0.0015,-0.0058,4,170,0.0093,-0.0102,1.0,0.0,很弱
1Y,5D,801790,非银金融,496,2025-06-26,2026-07-03,-0.0585,0.0538,-0.0074,0.033,-0.1475,0.1939,-0.0004,-0.0046,4,170,-0.0094,-0.0043,0.5,-0.0209,很弱
1Y,5D,801120,食品饮料,496,2025-06-26,2026-07-03,0.0401,0.0245,0.0747,-0.0007,-0.0598,0.2709,-0.0022,-0.0064,4,170,-0.0082,-0.0094,0.0,0.0,很弱
2Y,10D,801170,交通运输,990,2024-06-12,2026-06-26,0.0637,0.0804,-0.0451,0.0174,-0.0633,0.0897,-0.0002,-0.0076,12,400,0.0064,-0.0067,0.5,-0.1233,很弱
2Y,10D,801760,传媒,990,2024-06-12,2026-06-26,0.1382,0.1096,0.0843,0.0843,-0.0364,0.0637,0.0036,-0.0037,12,400,0.0266,-0.0065,0.8333,-0.2433,很弱
2Y,10D,801160,公用事业,990,2024-06-12,2026-06-26,-0.0472,0.0372,-0.1011,-0.0134,-0.0826,0.0722,0.0003,-0.0069,12,400,-0.0101,-0.0055,0.1667,-0.0979,很弱
2Y,10D,801010,农林牧渔,990,2024-06-12,2026-06-26,0.0242,0.0805,-0.0581,0.0404,-0.0195,0.1007,-0.0006,-0.0081,12,400,-0.001,-0.0044,0.5,-0.1112,很弱
2Y,10D,801150,医药生物,990,2024-06-12,2026-06-26,0.0959,0.1159,0.0153,0.0763,-0.0507,0.0755,0.0013,-0.0061,12,400,-0.0039,-0.0052,0.3333,-0.185,很弱
2Y,10D,801200,商贸零售,990,2024-06-12,2026-06-26,0.1376,0.1133,0.0699,0.0817,-0.0222,0.0919,0.0014,-0.0058,12,400,0.0216,-0.0062,0.5,-0.1663,很弱
2Y,10D,801740,国防军工,990,2024-06-12,2026-06-26,0.0547,0.1143,-0.0037,0.0914,-0.08,0.0203,0.0047,-0.0026,12,400,0.0391,0.0008,0.6667,-0.2407,很弱
2Y,10D,801030,基础化工,990,2024-06-12,2026-06-26,0.1021,0.0822,0.0322,0.0414,-0.099,0.0313,0.0044,-0.0026,12,400,0.0041,-0.0047,0.5,-0.1658,很弱
2Y,10D,801110,家用电器,990,2024-06-12,2026-06-26,0.1499,0.0885,0.0382,0.0365,-0.0544,0.0879,0.0015,-0.0059,12,400,-0.0141,-0.0101,0.3333,-0.1563,很弱
2Y,10D,801710,建筑材料,990,2024-06-12,2026-06-26,0.0811,0.0685,0.0329,0.0301,-0.0701,0.0481,0.0063,-0.0004,12,400,0.0237,-0.0023,1.0,-0.1681,很弱
2Y,10D,801720,建筑装饰,990,2024-06-12,2026-06-26,0.1135,0.0966,0.0318,0.0518,-0.0572,0.0816,0.0019,-0.0052,12,400,0.0246,-0.0052,0.8333,-0.1718,很弱
2Y,10D,801180,房地产,990,2024-06-12,2026-06-26,0.0785,0.0907,0.0091,0.0665,-0.0457,0.0685,0.0004,-0.0069,12,400,0.0338,-0.0069,1.0,-0.1592,很弱
2Y,10D,801050,有色金属,990,2024-06-12,2026-06-26,0.0018,0.0306,-0.0564,0.0006,-0.1204,-0.0245,0.0075,0.0004,12,400,0.0202,0.0034,0.6667,-0.1343,很弱
2Y,10D,801890,机械设备,990,2024-06-12,2026-06-26,0.1839,0.1065,0.1336,0.0787,-0.0763,0.0396,0.0075,0.0005,12,400,0.0104,-0.0056,0.6667,-0.2431,很弱
2Y,10D,801880,汽车,990,2024-06-12,2026-06-26,0.1618,0.0789,0.0754,0.0452,-0.0859,0.046,0.0028,-0.0047,12,400,-0.0004,-0.0079,0.5,-0.1754,很弱
2Y,10D,801950,煤炭,990,2024-06-12,2026-06-26,-0.0178,0.0152,-0.0919,-0.0153,-0.0448,0.0655,-0.0003,-0.008,12,400,-0.0122,-0.0056,0.1667,-0.082,很弱
2Y,10D,801970,环保,990,2024-06-12,2026-06-26,0.1215,0.1105,0.0342,0.0639,-0.0787,0.0563,0.0037,-0.0036,12,400,0.0226,-0.0046,0.6667,-0.2113,很弱
2Y,10D,801730,电力设备,990,2024-06-12,2026-06-26,0.0856,0.0931,0.0362,0.0636,-0.0894,0.0152,0.0059,-0.001,12,400,-0.0159,-0.0051,0.5,-0.222,很弱
2Y,10D,801080,电子,990,2024-06-12,2026-06-26,0.1885,0.089,0.173,0.0669,-0.0652,0.0248,0.0132,0.0065,12,400,0.017,-0.0033,0.6667,-0.3154,很弱
2Y,10D,801960,石油石化,990,2024-06-12,2026-06-26,-0.0659,-0.0144,-0.1261,-0.0421,-0.0749,0.0501,0.0009,-0.0066,12,400,-0.0148,-0.003,0.1667,-0.0915,很弱
2Y,10D,801210,社会服务,990,2024-06-12,2026-06-26,0.1251,0.1329,0.0565,0.1017,-0.0361,0.0813,0.0013,-0.0059,12,400,0.0206,-0.0067,0.6667,-0.2184,很弱
2Y,10D,801130,纺织服饰,990,2024-06-12,2026-06-26,0.1802,0.0944,0.0759,0.048,-0.05,0.0794,0.0015,-0.0059,12,400,0.016,-0.0091,0.5,-0.186,很弱
2Y,10D,801230,综合,990,2024-06-12,2026-06-26,0.079,0.0655,0.0172,0.0404,-0.0602,0.0376,0.0098,0.0024,12,400,0.0076,0.0035,0.5,-0.2133,很弱
2Y,10D,801980,美容护理,990,2024-06-12,2026-06-26,0.0982,0.124,0.0408,0.1063,-0.0154,0.0935,-0.0015,-0.0089,12,400,-0.0098,-0.0095,0.5,-0.1948,很弱
2Y,10D,801750,计算机,990,2024-06-12,2026-06-26,0.1501,0.1012,0.1226,0.0911,-0.0429,0.0525,0.0044,-0.0028,12,400,0.0376,-0.0063,0.8333,-0.3096,很弱
2Y,10D,801140,轻工制造,990,2024-06-12,2026-06-26,0.1436,0.0889,0.0595,0.0467,-0.0673,0.0665,0.002,-0.0053,12,400,0.0122,-0.0075,0.5,-0.1838,很弱
2Y,10D,801770,通信,990,2024-06-12,2026-06-26,0.0951,0.0971,0.0662,0.072,-0.0881,-0.0062,0.0141,0.0075,12,400,0.0079,0.0017,0.6667,-0.2736,很弱
2Y,10D,801040,钢铁,990,2024-06-12,2026-06-26,0.015,0.0326,-0.0582,-0.0025,-0.0955,0.0307,0.0018,-0.0055,12,400,0.0115,-0.0032,0.5,-0.1327,很弱
2Y,10D,801780,银行,990,2024-06-12,2026-06-26,0.0691,0.0189,-0.0367,-0.0239,-0.0071,0.1108,0.0016,-0.0059,12,400,0.0142,-0.0067,0.6667,-0.0788,很弱
2Y,10D,801790,非银金融,990,2024-06-12,2026-06-26,0.0235,0.0735,-0.0511,0.0514,-0.0591,0.0648,0.0035,-0.0038,12,400,0.0022,-0.0001,0.3333,-0.1842,很弱
2Y,10D,801120,食品饮料,990,2024-06-12,2026-06-26,0.0744,0.0865,-0.0046,0.0481,0.017,0.1392,-0.0023,-0.0096,12,400,-0.0159,-0.0097,0.3333,-0.0902,很弱
2Y,1D,801170,交通运输,1005,2024-06-12,2026-07-08,0.0534,-0.0056,-0.0637,-0.021,-0.0633,0.0897,-0.0,-0.0007,14,400,-0.001,0.0,0.4286,-0.1233,很弱
2Y,1D,801760,传媒,1005,2024-06-12,2026-07-08,0.0844,0.0386,0.0118,0.0279,-0.0364,0.0637,0.0003,-0.0004,14,400,-0.0072,-0.0006,0.2857,-0.2433,很弱
2Y,1D,801160,公用事业,1005,2024-06-12,2026-07-08,0.0024,-0.0031,-0.0949,-0.018,-0.0826,0.0722,0.0,-0.0007,14,400,-0.0022,0.0004,0.3571,-0.0979,很弱
2Y,1D,801010,农林牧渔,1005,2024-06-12,2026-07-08,0.039,0.0242,-0.0556,0.0059,-0.0195,0.1007,-0.0001,-0.0008,14,400,-0.0007,0.0002,0.2143,-0.1112,很弱
2Y,1D,801150,医药生物,1005,2024-06-12,2026-07-08,0.0716,0.0258,-0.0239,0.01,-0.0507,0.0755,0.0001,-0.0006,14,400,-0.0047,-0.0,0.2143,-0.185,很弱
2Y,1D,801200,商贸零售,1005,2024-06-12,2026-07-08,0.0777,0.0047,-0.0103,-0.0096,-0.0222,0.0919,0.0001,-0.0006,14,400,-0.0028,-0.0004,0.2857,-0.1663,很弱
2Y,1D,801740,国防军工,1005,2024-06-12,2026-07-08,0.0531,0.0187,-0.0231,0.0068,-0.08,0.0203,0.0004,-0.0002,14,400,0.0,0.0005,0.4286,-0.2407,很弱
2Y,1D,801030,基础化工,1005,2024-06-12,2026-07-08,0.0532,0.0063,-0.0451,-0.0098,-0.099,0.0313,0.0004,-0.0003,14,400,-0.0064,0.0001,0.2143,-0.1658,很弱
2Y,1D,801110,家用电器,1005,2024-06-12,2026-07-08,0.0671,-0.0354,-0.0448,-0.0458,-0.0544,0.0879,0.0001,-0.0006,14,400,-0.0017,-0.0003,0.4286,-0.1563,很弱
2Y,1D,801710,建筑材料,1005,2024-06-12,2026-07-08,0.0542,0.0191,-0.0351,0.0045,-0.0701,0.0481,0.0005,-0.0001,14,400,0.0013,0.0002,0.5,-0.1681,很弱
2Y,1D,801720,建筑装饰,1005,2024-06-12,2026-07-08,0.0747,0.0277,-0.0324,0.009,-0.0572,0.0816,0.0002,-0.0005,14,400,0.0013,0.0001,0.4286,-0.1718,很弱
2Y,1D,801180,房地产,1005,2024-06-12,2026-07-08,0.061,-0.0192,-0.0258,-0.0329,-0.0457,0.0685,0.0,-0.0007,14,400,-0.0021,-0.0004,0.3571,-0.1592,很弱
2Y,1D,801050,有色金属,1005,2024-06-12,2026-07-08,0.0214,0.0374,-0.0571,0.0274,-0.1204,-0.0245,0.0007,-0.0,14,400,-0.002,0.0009,0.4286,-0.1343,很弱
2Y,1D,801890,机械设备,1005,2024-06-12,2026-07-08,0.0905,0.0237,0.0069,0.011,-0.0763,0.0396,0.0007,0.0,14,400,-0.0032,-0.0002,0.3571,-0.2431,很弱
2Y,1D,801880,汽车,1005,2024-06-12,2026-07-08,0.0707,0.0016,-0.0291,-0.0147,-0.0859,0.046,0.0003,-0.0004,14,400,-0.0022,-0.0002,0.3571,-0.1754,很弱
2Y,1D,801950,煤炭,1005,2024-06-12,2026-07-08,0.0071,0.0006,-0.0713,-0.0122,-0.0448,0.0655,-0.0001,-0.0007,14,400,-0.0014,0.0008,0.3571,-0.082,很弱
2Y,1D,801970,环保,1005,2024-06-12,2026-07-08,0.0718,0.023,-0.0308,0.0056,-0.0787,0.0563,0.0003,-0.0004,14,400,0.0002,0.0001,0.4286,-0.2113,很弱
2Y,1D,801730,电力设备,1005,2024-06-12,2026-07-08,0.0582,0.0497,-0.0225,0.0435,-0.0894,0.0152,0.0005,-0.0001,14,400,-0.007,-0.0002,0.2143,-0.222,很弱
2Y,1D,801080,电子,1005,2024-06-12,2026-07-08,0.0882,-0.0084,0.0275,-0.0226,-0.0652,0.0248,0.0013,0.0007,14,400,-0.0091,0.0002,0.2857,-0.3154,很弱
2Y,1D,801960,石油石化,1005,2024-06-12,2026-07-08,-0.0213,-0.0118,-0.099,-0.0228,-0.0749,0.0501,0.0001,-0.0006,14,400,-0.0037,0.001,0.3571,-0.0915,很弱
2Y,1D,801210,社会服务,1005,2024-06-12,2026-07-08,0.0847,0.0376,-0.0045,0.0227,-0.0361,0.0813,0.0001,-0.0006,14,400,-0.0032,-0.0005,0.2857,-0.2184,很弱
2Y,1D,801130,纺织服饰,1005,2024-06-12,2026-07-08,0.0778,-0.0107,-0.0254,-0.0245,-0.05,0.0794,0.0001,-0.0006,14,400,-0.0029,-0.0004,0.3571,-0.186,很弱
2Y,1D,801230,综合,1005,2024-06-12,2026-07-08,0.0494,0.008,-0.0245,-0.0042,-0.0602,0.0376,0.0009,0.0003,14,400,-0.0071,0.0011,0.2857,-0.2133,很弱
2Y,1D,801980,美容护理,1005,2024-06-12,2026-07-08,0.0767,0.0216,-0.0024,0.0091,-0.0154,0.0935,-0.0002,-0.0009,14,400,-0.0052,-0.0007,0.2857,-0.1948,很弱
2Y,1D,801750,计算机,1005,2024-06-12,2026-07-08,0.0869,0.0202,0.0221,0.0103,-0.0429,0.0525,0.0005,-0.0002,14,400,-0.0057,-0.0003,0.2857,-0.3096,很弱
2Y,1D,801140,轻工制造,1005,2024-06-12,2026-07-08,0.0736,-0.0011,-0.0296,-0.0169,-0.0673,0.0665,0.0002,-0.0005,14,400,-0.0036,-0.0002,0.3571,-0.1838,很弱
2Y,1D,801770,通信,1005,2024-06-12,2026-07-08,0.0566,-0.0001,-0.0067,-0.0119,-0.0881,-0.0062,0.0015,0.0008,14,400,-0.0065,0.0007,0.2857,-0.2736,很弱
2Y,1D,801040,钢铁,1005,2024-06-12,2026-07-08,0.0178,-0.0231,-0.0751,-0.0372,-0.0955,0.0307,0.0001,-0.0006,14,400,-0.0036,0.0004,0.2857,-0.1327,很弱
2Y,1D,801780,银行,1005,2024-06-12,2026-07-08,0.0185,-0.0447,-0.0755,-0.0421,-0.0071,0.1108,0.0002,-0.0005,14,400,0.0002,0.0004,0.3571,-0.0788,很弱
2Y,1D,801790,非银金融,1005,2024-06-12,2026-07-08,0.0293,-0.0263,-0.0659,-0.0453,-0.0591,0.0648,0.0003,-0.0003,14,400,-0.0047,0.0005,0.2857,-0.1842,很弱
2Y,1D,801120,食品饮料,1005,2024-06-12,2026-07-08,0.0611,0.0062,-0.0406,-0.0101,0.017,0.1392,-0.0003,-0.001,14,400,-0.0031,-0.0006,0.2857,-0.0902,很弱
2Y,5D,801170,交通运输,1000,2024-06-12,2026-07-03,0.1051,0.117,-0.0303,-0.0266,-0.0633,0.0897,-0.0001,-0.0036,14,400,0.0112,-0.0029,0.6429,-0.1233,很弱
2Y,5D,801760,传媒,1000,2024-06-12,2026-07-03,0.1505,0.1015,0.0798,0.0259,-0.0364,0.0637,0.0017,-0.0018,14,400,0.0046,-0.0045,0.6429,-0.2433,很弱
2Y,5D,801160,公用事业,1000,2024-06-12,2026-07-03,0.002,0.056,-0.0912,-0.0618,-0.0826,0.0722,0.0001,-0.0034,14,400,0.0009,-0.0021,0.4286,-0.0979,很弱
2Y,5D,801010,农林牧渔,1000,2024-06-12,2026-07-03,0.0626,0.0892,-0.0375,-0.0188,-0.0195,0.1007,-0.0003,-0.0038,14,400,0.0081,-0.002,0.5714,-0.1112,很弱
2Y,5D,801150,医药生物,1000,2024-06-12,2026-07-03,0.1247,0.1083,0.0299,0.0099,-0.0507,0.0755,0.0006,-0.0029,14,400,-0.0086,-0.003,0.2857,-0.185,很弱
2Y,5D,801200,商贸零售,1000,2024-06-12,2026-07-03,0.1539,0.0984,0.066,0.0069,-0.0222,0.0919,0.0006,-0.0028,14,400,0.0117,-0.004,0.6429,-0.1663,很弱
2Y,5D,801740,国防军工,1000,2024-06-12,2026-07-03,0.0894,0.117,0.0155,0.041,-0.08,0.0203,0.0023,-0.0012,14,400,0.0245,0.0004,0.8571,-0.2407,很弱
2Y,5D,801030,基础化工,1000,2024-06-12,2026-07-03,0.108,0.0773,0.0098,-0.0259,-0.099,0.0313,0.0021,-0.0014,14,400,-0.0062,-0.002,0.4286,-0.1658,很弱
2Y,5D,801110,家用电器,1000,2024-06-12,2026-07-03,0.1567,0.0633,0.0257,-0.0525,-0.0544,0.0879,0.0007,-0.0027,14,400,0.0008,-0.0048,0.5,-0.1563,很弱
2Y,5D,801710,建筑材料,1000,2024-06-12,2026-07-03,0.0936,0.1079,0.0049,0.0148,-0.0701,0.0481,0.0029,-0.0006,14,400,0.0125,-0.001,0.7143,-0.1681,很弱
2Y,5D,801720,建筑装饰,1000,2024-06-12,2026-07-03,0.1312,0.117,0.0174,-0.0008,-0.0572,0.0816,0.0009,-0.0026,14,400,0.0163,-0.0024,0.7143,-0.1718,很弱
2Y,5D,801180,房地产,1000,2024-06-12,2026-07-03,0.1209,0.1053,0.0351,0.0148,-0.0457,0.0685,0.0002,-0.0033,14,400,0.0276,-0.0042,0.7857,-0.1592,很弱
2Y,5D,801050,有色金属,1000,2024-06-12,2026-07-03,0.0239,0.0794,-0.0538,0.0004,-0.1204,-0.0245,0.0036,0.0002,14,400,0.0077,0.0021,0.4286,-0.1343,很弱
2Y,5D,801890,机械设备,1000,2024-06-12,2026-07-03,0.1709,0.1091,0.0894,0.0202,-0.0763,0.0396,0.0037,0.0002,14,400,0.0026,-0.0027,0.5,-0.2431,很弱
2Y,5D,801880,汽车,1000,2024-06-12,2026-07-03,0.1455,0.0681,0.0466,-0.0326,-0.0859,0.046,0.0014,-0.002,14,400,0.0007,-0.0035,0.7143,-0.1754,很弱
2Y,5D,801950,煤炭,1000,2024-06-12,2026-07-03,0.0066,0.0319,-0.0734,-0.0573,-0.0448,0.0655,-0.0002,-0.0037,14,400,0.0022,-0.0014,0.4286,-0.082,很弱
2Y,5D,801970,环保,1000,2024-06-12,2026-07-03,0.136,0.1085,0.0276,-0.0022,-0.0787,0.0563,0.0018,-0.0017,14,400,0.013,-0.0021,0.6429,-0.2113,很弱
2Y,5D,801730,电力设备,1000,2024-06-12,2026-07-03,0.0929,0.1069,0.0171,0.028,-0.0894,0.0152,0.0029,-0.0006,14,400,-0.0125,-0.0023,0.2143,-0.222,很弱
2Y,5D,801080,电子,1000,2024-06-12,2026-07-03,0.1742,0.0778,0.1227,0.0111,-0.0652,0.0248,0.0066,0.0031,14,400,-0.0041,-0.0012,0.5,-0.3154,很弱
2Y,5D,801960,石油石化,1000,2024-06-12,2026-07-03,-0.0447,0.0013,-0.1151,-0.0843,-0.0749,0.0501,0.0004,-0.003,14,400,-0.0042,-0.0002,0.3571,-0.0915,很弱
2Y,5D,801210,社会服务,1000,2024-06-12,2026-07-03,0.152,0.1379,0.0624,0.0433,-0.0361,0.0813,0.0006,-0.0029,14,400,0.0069,-0.0042,0.5714,-0.2184,很弱
2Y,5D,801130,纺织服饰,1000,2024-06-12,2026-07-03,0.1683,0.0662,0.0529,-0.0388,-0.05,0.0794,0.0007,-0.0028,14,400,0.004,-0.0047,0.4286,-0.186,很弱
2Y,5D,801230,综合,1000,2024-06-12,2026-07-03,0.0887,0.0654,0.0133,-0.0123,-0.0602,0.0376,0.0048,0.0013,14,400,-0.0,0.002,0.4286,-0.2133,很弱
2Y,5D,801980,美容护理,1000,2024-06-12,2026-07-03,0.1328,0.1183,0.0652,0.0449,-0.0154,0.0935,-0.0009,-0.0043,14,400,-0.0119,-0.0056,0.3571,-0.1948,很弱
2Y,5D,801750,计算机,1000,2024-06-12,2026-07-03,0.1557,0.0937,0.1011,0.0287,-0.0429,0.0525,0.0022,-0.0013,14,400,0.0099,-0.0037,0.5714,-0.3096,很弱
2Y,5D,801140,轻工制造,1000,2024-06-12,2026-07-03,0.1472,0.0819,0.0401,-0.0252,-0.0673,0.0665,0.0009,-0.0026,14,400,0.0043,-0.0039,0.4286,-0.1838,很弱
2Y,5D,801770,通信,1000,2024-06-12,2026-07-03,0.1059,0.1,0.0404,0.0328,-0.0881,-0.0062,0.0071,0.0036,14,400,-0.0029,0.0009,0.3571,-0.2736,很弱
2Y,5D,801040,钢铁,1000,2024-06-12,2026-07-03,0.0441,0.0597,-0.0508,-0.0405,-0.0955,0.0307,0.0008,-0.0027,14,400,0.0039,-0.0014,0.4286,-0.1327,很弱
2Y,5D,801780,银行,1000,2024-06-12,2026-07-03,0.067,-0.0192,-0.0522,-0.1075,-0.0071,0.1108,0.0008,-0.0027,14,400,0.0133,-0.0027,0.7143,-0.0788,很弱
2Y,5D,801790,非银金融,1000,2024-06-12,2026-07-03,0.0645,0.0741,-0.0262,-0.0193,-0.0591,0.0648,0.0017,-0.0017,14,400,0.0007,-0.0002,0.5,-0.1842,很弱
2Y,5D,801120,食品饮料,1000,2024-06-12,2026-07-03,0.1119,0.0894,0.0078,-0.0189,0.017,0.1392,-0.0012,-0.0047,14,400,-0.0043,-0.0054,0.3571,-0.0902,很弱
