date,open,high,low,close,volume,contract,month,cp,strike,source,fetch_time
2026-07-20,530.6,536.4,467.4,467.4,42.0,io2706c4100,2027-06,C,4100,CFFEX_RTJ_XML,2026-07-21T01:30:20
2026-07-21,531.2,578.8,496.8,575.8,27.0,io2706c4100,2027-06,C,4100,CFFEX_RTJ_XML,2026-07-21T08:48:01
2026-07-22,574.6,580.2,527.2,527.2,21.0,io2706c4100,2027-06,C,4100,CFFEX_RTJ_XML,2026-07-22T08:36:11
2026-07-23,533.4,543.6,530.2,543.6,27.0,io2706c4100,2027-06,C,4100,CFFEX_RTJ_XML,2026-07-23T08:19:21
2026-07-24,503.0,521.4,503.0,521.4,8.0,io2706c4100,2027-06,C,4100,CFFEX_RTJ_XML,2026-07-24T09:57:59
2026-07-27,487.6,500.2,487.6,500.2,19.0,io2706c4100,2027-06,C,4100,CFFEX_RTJ_XML,2026-07-27T10:58:42
2026-07-28,482.4,482.4,465.8,465.8,7.0,io2706c4100,2027-06,C,4100,CFFEX_RTJ_XML,2026-07-28T10:15:28
2026-07-29,425.2,437.4,425.2,437.4,4.0,io2706c4100,2027-06,C,4100,CFFEX_RTJ_XML,2026-07-29T10:19:02
2026-07-30,422.2,431.2,422.2,431.2,11.0,io2706c4100,2027-06,C,4100,CFFEX_RTJ_XML,2026-07-30T09:08:48
2026-07-31,502.2,502.2,476.0,476.0,12.0,io2706c4100,2027-06,C,4100,CFFEX_RTJ_XML,2026-07-31T10:14:57
2026-08-03,444.0,447.6,436.0,439.6,5.0,io2706c4100,2027-06,C,4100,CFFEX_RTJ_XML,2026-08-03T08:55:40
2026-08-04,455.4,470.0,455.4,469.6,3.0,io2706c4100,2027-06,C,4100,CFFEX_RTJ_XML,2026-08-04T09:02:52
2026-08-05,479.4,482.6,479.4,482.6,3.0,io2706c4100,2027-06,C,4100,CFFEX_RTJ_XML,2026-08-05T08:08:05
2026-08-06,486.6,486.6,478.8,486.2,6.0,io2706c4100,2027-06,C,4100,CFFEX_RTJ_XML,2026-08-06T10:18:20
2026-08-07,513.2,513.2,504.8,510.4,8.0,io2706c4100,2027-06,C,4100,CFFEX_RTJ_XML,2026-08-07T08:39:38
2026-08-10,510.4,510.4,510.4,510.4,0.0,io2706c4100,2027-06,C,4100,CFFEX_RTJ_XML,2026-08-10T18:27:24
2026-08-11,514.6,514.6,507.2,507.2,8.0,io2706c4100,2027-06,C,4100,CFFEX_RTJ_XML,2026-08-11T08:35:36
2026-08-12,507.2,507.2,507.2,507.2,0.0,io2706c4100,2027-06,C,4100,CFFEX_RTJ_XML,2026-08-12T08:35:20
2026-08-13,507.2,507.2,507.2,507.2,0.0,io2706c4100,2027-06,C,4100,CFFEX_RTJ_XML,2026-08-13T08:41:54
2026-08-14,507.2,507.2,507.2,507.2,0.0,io2706c4100,2027-06,C,4100,CFFEX_RTJ_XML,2026-08-14T09:30:37
2026-08-17,510.0,523.8,510.0,523.8,6.0,io2706c4100,2027-06,C,4100,CFFEX_RTJ_XML,2026-08-17T08:23:42
2026-08-18,488.8,506.6,488.8,506.6,9.0,io2706c4100,2027-06,C,4100,CFFEX_RTJ_XML,2026-08-18T08:56:41
2026-08-19,456.0,456.0,431.8,431.8,12.0,io2706c4100,2027-06,C,4100,CFFEX_RTJ_XML,2026-08-19T08:57:48
2026-08-20,431.8,431.8,431.8,431.8,0.0,io2706c4100,2027-06,C,4100,CFFEX_RTJ_XML,2026-08-20T08:18:17
2026-08-21,449.2,449.2,446.8,446.8,6.0,io2706c4100,2027-06,C,4100,CFFEX_RTJ_XML,2026-08-21T08:19:16
2026-08-24,425.6,426.4,397.8,398.4,16.0,io2706c4100,2027-06,C,4100,CFFEX_RTJ_XML,2026-08-24T08:25:29
2026-08-25,386.8,386.8,386.8,386.8,1.0,io2706c4100,2027-06,C,4100,CFFEX_RTJ_XML,2026-08-25T08:07:57
2026-08-26,414.0,432.4,414.0,432.4,3.0,io2706c4100,2027-06,C,4100,CFFEX_RTJ_XML,2026-08-26T08:24:13
2026-08-27,439.4,439.4,439.4,439.4,1.0,io2706c4100,2027-06,C,4100,CFFEX_RTJ_XML,2026-08-27T10:01:56
2026-08-28,439.4,439.4,439.4,439.4,0.0,io2706c4100,2027-06,C,4100,CFFEX_RTJ_XML,2026-08-28T08:20:06
2026-08-31,407.0,407.0,407.0,407.0,1.0,io2706c4100,2027-06,C,4100,CFFEX_RTJ_XML,2026-08-31T09:43:21
2026-09-01,407.0,407.0,407.0,407.0,0.0,io2706c4100,2027-06,C,4100,CFFEX_RTJ_XML,2026-09-01T08:25:47
